parts_code,parts_name,in_qty,out_qty,net_change,closing_balance,txn_count
PT0011,"머그류지지박스(전용)_화이트_000-3",1,0,1,1,1
PT0388,"단품박스(스탠다드)_화이트_000-15",0,12043,-12043,-12043,4
PT0404,"바스켓_바디_오트밀",0,733,-733,-733,2
PT0407,"바스켓_바디_그레이",0,7,-7,-7,1
PT0453,"PT0453",3964,6438,-2474,-2474,9
PT0454,"PT0454",141,258,-117,-117,3
PT0473,"PT0473",130,0,130,130,1
PT0475,"PT0475",0,1586,-1586,-1586,1
PT0477,"PT0477",0,102,-102,-102,1
PT0484,"PT0484",0,3174,-3174,-3174,1
PT0493,"PT0493",2050,1939,111,111,7
PT0532,"PT0532",0,716,-716,-716,1
PT0536,"PT0536",1000,500,500,500,2
PT0542,"PT0542",0,1345,-1345,-1345,2
PT0543,"PT0543",0,3077,-3077,-3077,2
PT0546,"PT0546",120,120,0,0,2
PT0547,"PT0547",296,296,0,0,4
PT0548,"PT0548",2135,3941,-1806,-1806,6
PT0549,"PT0549",2128,7136,-5008,-5008,4
PT0554,"PT0554",450,4719,-4269,-4269,7
PT0555,"PT0555",462,3451,-2989,-2989,7
PT0557,"PT0557",0,306,-306,-306,1
PT0558,"머그류지지박스_블랙_000-2",0,104,-104,-104,1
PT0571,"PT0571",0,969,-969,-969,2
PT0573,"PT0573",180,180,0,0,2
PT0575,"텀블러류지지대(전용)_블랙_000-1",0,165,-165,-165,1
PT0576,"골지트레이박스(스탠다드)_블랙_200-2",200,373,-173,-173,3
PT0578,"노트류지지대(전용)_블랙_100-1",0,165,-165,-165,1
PT0579,"슬라이드지퍼백(커스텀인쇄)(Large)_반투명_200-1",0,154,-154,-154,1
PT0580,"PT0580",0,6141,-6141,-6141,4
PT0584,"PT0584",893,662,231,231,7
PT0588,"PT0588",6780,13485,-6705,-6705,16
PT0594,"PT0594",240,240,0,0,2
PT0596,"PT0596",0,80,-80,-80,1
PT0599,"PT0599",308,95,213,308,3
PT0600,"PT0600",6147,765,5382,5382,10
PT0601,"골지G형박스(M)_그레이_200-1",0,1475,-1475,-1475,1
PT0602,"골지G형박스(S)_그레이_100-1",0,1512,-1512,-1512,1
PT0606,"골지G형박스(L)_그레이_200-2",0,3751,-3751,-3751,1
PT0608,"PT0608",85,85,0,0,2
PT0611,"PT0611",194,194,0,0,4
PT0616,"PT0616",220,220,0,0,4
PT0652,"PT0652",1880,3052,-1172,-1172,53
PT0667,"PT0667",0,9345,-9345,-9345,7
PT0733,"PT0733",0,302,-302,-302,2
PT0734,"PT0734",398,398,0,0,4
PT0736,"PT0736",200,2917,-2717,-2717,4
PT0737,"PT0737",360,360,0,0,4
PT0760,"PT0760",180,180,0,0,2
PT0761,"골지단품박스_그레이_100-4",240,3087,-2847,-2847,7
PT0786,"단품박스(전용)_화이트_000-13",0,309,-309,-309,1
PT0833,"PT0833",1100,729,371,371,6
PT0858,"PT0858",188,128,60,60,3
PT0859,"PT0859",0,2612,-2612,-2612,4
PT0873,"PT0873",0,7362,-7362,-7362,1
PT0874,"PT0874",2849,3950,-1101,-1101,9
PT0880,"PT0880",871,871,0,0,6
PT0895,"PT0895",5400,10810,-5410,-5410,9
PT0896,"단품박스(전용)_화이트_100-4",0,106,-106,-106,1
PT0944,"단품박스(스탠다드)_웜그레이_000-25",0,1,-1,-1,1
PT0947,"PT0947",0,2041,-2041,-2041,2
PT0948,"PT0948",0,2612,-2612,-2612,4
PT0988,"실버팩_200-1",500,1018,-518,-518,4
PT0989,"PT0989",500,2704,-2204,-2204,4
PT0993,"PT0993",377,204,173,173,3
PT0996,"PT0996",0,2991,-2991,-2991,3
PT1017,"펠트봉투(커스텀인쇄)_화이트_000-1",0,101,-101,-101,1
PT1018,"PT1018",134,134,0,0,2
PT1028,"PT1028",5028,5028,0,0,2
PT1030,"PT1030",6328,7074,-746,-746,13
PT1032,"PT1032",7080,12448,-5368,-5368,10
PT1036,"PT1036",0,1184,-1184,-1184,1
PT1046,"PT1046",0,3912,-3912,-3912,7
PT1050,"PT1050",130,130,0,0,2
PT1072,"PT1072",0,2512,-2512,-2512,7
PT1075,"PT1075",105,105,0,0,2
PT1093,"PT1093",3100,12553,-9453,-9453,7
PT1103,"PT1103",69,69,0,0,2
PT1104,"PT1104",90,90,0,0,2
PT1108,"PT1108",0,784,-784,-784,2
PT1111,"쇼핑백(M)_화이트_200-2",0,204,-204,-204,1
PT1112,"PT1112",550,400,150,150,5
PT1113,"PT1113",140,140,0,0,3
PT1129,"PT1129",140,164,-24,-24,2
PT1136,"PT1136",2030,2656,-626,-626,5
PT1147,"PT1147",0,7065,-7065,-7065,3
PT1148,"PT1148",827,796,31,31,6
PT1149,"PT1149",154,154,0,0,2
PT1197,"PT1197",0,1005,-1005,-1005,1
PT1201,"PT1201",0,1924,-1924,-1924,8
PT1226,"PT1226",130,130,0,0,2
PT1227,"PT1227",170,170,0,0,2
PT1236,"PT1236",0,401,-401,-401,2
PT1239,"PT1239",0,300,-300,-300,1
PT1311,"PT1311",283,283,0,0,4
PT1312,"PT1312",0,1525,-1525,-1525,2
PT1314,"실버팩_300-1",0,1603,-1603,-1603,4
PT1315,"PT1315",301,301,0,0,4
PT1317,"PT1317",1000,624,376,376,2
PT1318,"실버팩_100-1",92,0,92,92,1
PT1319,"PT1319",1000,408,592,592,3
PT1357,"PT1357",144,144,0,0,2
PT1369,"PT1369",1696,1520,176,176,7
PT1373,"PT1373",0,3483,-3483,-3483,3
PT1388,"PT1388",80,80,0,0,2
PT1414,"PT1414",0,2107,-2107,-2107,5
PT1429,"PT1429",0,1434,-1434,-1434,2
PT1431,"PT1431",0,872,-872,-872,1
PT1459,"에코페이퍼봉투(스탠다드)_웜그레이_200-1",0,413,-413,-413,1
PT1464,"올블랙펜_매트블랙",1,0,1,1,1
PT1468,"PT1468",4398,4098,300,300,25
PT1493,"PT1493",5060,7373,-2313,-2313,12
PT1498,"PT1498",0,769,-769,-769,1
PT1500,"PT1500",0,763,-763,-763,1
PT1502,"PT1502",1262,472,790,790,4
PT1508,"PT1508",520,0,520,520,2
PT1517,"단품박스(스탠다드)_웜그레이_100-4",0,915,-915,-915,1
PT1560,"PT1560",0,3412,-3412,-3412,1
PT1569,"PT1569",1016,500,516,516,2
PT1571,"PT1571",0,2687,-2687,-2687,2
PT1572,"PT1572",0,3985,-3985,-3985,4
PT1583,"PT1583",150,3130,-2980,-2980,4
PT1603,"PT1603",2000,5003,-3003,-3003,8
PT1619,"PT1619",0,3745,-3745,-3745,5
PT1631,"PT1631",180,180,0,0,2
PT1648,"PT1648",65,65,0,0,2
PT1673,"PT1673",0,170,-170,-170,1
PT1674,"PT1674",0,54817,-54817,-54817,18
PT1679,"PT1679",0,1714,-1714,-1714,2
PT1680,"OPP_400-2",985,256,729,729,2
PT1695,"PT1695",0,1143,-1143,-1143,1
PT1709,"PT1709",810,1048,-238,-238,4
PT1711,"PT1711",796,796,0,0,4
PT1718,"PT1718",5,3252,-3247,-3223,9
PT1719,"PT1719",0,2340,-2340,-2340,4
PT1729,"펠트스트링파우치(커스텀인쇄)_그레이_200-1",1,0,1,1,1
PT1758,"PT1758",198,198,0,0,2
PT1779,"골프공(타이틀리스트프로V1)",0,612,-612,-612,2
PT1780,"PT1780",0,500,-500,-500,2
PT1784,"PT1784",1269,1125,144,144,3
PT1785,"PT1785",296,1230,-934,-934,4
PT1787,"PT1787",0,1081,-1081,-42,1
PT1800,"PT1800",0,831,-831,-831,4
PT1802,"PT1802",4104,4775,-671,-671,8
PT1803,"PT1803",0,1366,-1366,-1366,3
PT2080,"트라이탄빨대_투명",0,238,-238,-238,1
PT2093,"PT2093",1016,875,141,141,13
PT2095,"PT2095",801,657,144,144,9
PT2105,"PT2105",174,174,0,0,2
PT2106,"단품박스(스탠다드)_웜그레이_000-27",0,553,-553,-553,1
PT2117,"PT2117",0,19201,-19201,-19201,5
PT2118,"PT2118",0,7487,-7487,-7487,4
PT2119,"PT2119",410,1770,-1360,-1360,5
PT2120,"PT2120",1650,1850,-200,-200,6
PT2124,"PT2124",1426,1113,313,313,6
PT2125,"PT2125",5000,9568,-4568,-4568,6
PT2131,"골지단품박스(스탠다드)_화이트_100-6",0,2402,-2402,-2402,1
PT2133,"지지대(전용)_화이트_000-1",0,6,-6,-6,1
PT2169,"PT2169",0,1147,-1147,-1147,1
PT2182,"리프레쉬고체치약(페퍼민트.50정)",0,101,-101,-101,1
PT2183,"단품박스(스탠다드)_웜그레이_000_28",0,1191,-1191,-1191,1
PT2228,"PT2228",1000,222,778,778,2
PT2231,"PT2231",1050,222,828,828,2
PT2234,"PT2234",0,2262,-2262,-2262,4
PT2242,"PT2242",16,812,-796,-796,4
PT2248,"PT2248",1181,192,989,989,5
PT2250,"PT2250",1225,200,1025,1025,3
PT2267,"주의사항표기서(전용)(200g)",254,0,254,254,1
PT2293,"PT2293",94,625,-531,-531,2
PT2300,"PT2300",0,1431,-1431,-1431,2
PT2330,"PT2330",250,611,-361,-361,9
PT2331,"PT2331",165,497,-332,-332,9
PT2375,"PT2375",0,5812,-5812,-5812,4
PT2383,"주의사항표기서(전용)_화이트+디지털풀컬러_100-3",0,92,-92,-92,1
PT2395,"AA건전지(파워랜드)",800,800,0,928,2
PT2401,"PT2401",917,866,51,51,9
PT2403,"PT2403",762,711,51,51,7
PT2437,"PT2437",0,9,-9,-9,1
PT2443,"PT2443",130,495,-365,-365,3
PT2481,"PT2481",566,417,149,149,7
PT2484,"PT2484",131,131,0,0,2
PT2487,"PT2487",203,0,203,203,1
PT2502,"PT2502",462,0,462,462,1
PT2503,"PT2503",530,0,530,530,1
PT2508,"PT2508",153,153,0,0,2
PT2511,"PT2511",2412,441,1971,1971,15
PT2513,"PT2513",202,101,101,101,3
PT2514,"PT2514",165,165,0,0,2
PT2527,"PT2527",6084,1384,4700,4700,10
PT2534,"PT2534",441,441,0,0,4
PT2541,"PT2541",359,104,255,255,6
PT2543,"PT2543",1313,1513,-200,-200,6
PT2544,"PT2544",1192,939,253,253,10
PT2554,"PT2554",1147,1014,133,133,5
PT2559,"PT2559",208,0,208,208,1
PT2561,"PT2561",3,0,3,3,3
PT2564,"PT2564",232,0,232,232,1
PT2569,"PT2569",830,230,600,600,4
PT2580,"PT2580",132,129,3,3,2
PT2590,"PT2590",330,540,-210,-210,4
PT2591,"PT2591",513,302,211,211,5
PT2593,"PT2593",802,0,802,802,1
PT2601,"PT2601",303,202,101,101,5
PT2613,"PT2613",0,1453,-1453,-1453,1
PT2671,"PT2671",1080,0,1080,1080,1
PT2687,"PT2687",252,201,51,51,3
PT2692,"PT2692",663,0,663,663,3
PT2703,"PT2703",703,201,502,502,3
PT2710,"PT2710",170,170,0,0,2
PT2713,"PT2713",304,202,102,102,3
PT2741,"PT2741",2594,304,2290,2290,2
PT2783,"PT2783",2544,2544,0,0,4
PT2788,"PT2788",882,882,0,0,8
PT2792,"PT2792",2014,2014,0,0,4
PT2802,"PT2802",0,808,-808,-808,1
PT2805,"씬페이퍼봉투_화이트",0,204,-204,-204,1
PT2811,"PT2811",0,208,-208,-208,1
PT2812,"골지트레이박스_블랙",0,585,-585,-585,1
PT2817,"PT2817",0,720,-720,-720,2
PT2820,"단품박스(전용)(무충마패.스탠다드)_화이트",0,101,-101,-101,1
PT2821,"단품박스(전용)(무충마패.와이드.스플릿.맥스)_화이트",0,339,-339,-339,1
PT2822,"레디고런치박스_본품",0,3526,-3526,-3526,1
PT2823,"레디고런치박스_투명캡",0,105,-105,-105,1
PT2824,"PT2824",3020,4136,-1116,-1116,4
PT2825,"주의사항표기서(전용)",0,105,-105,-105,1
PT2827,"투명손잡이지퍼백(S)",0,1797,-1797,-1797,1
PT2828,"PT2828",300,9098,-8798,-8798,4
PT2832,"PT2832",0,1281,-1281,-1281,2
PT2833,"PT2833",0,686,-686,-686,2
PT2834,"PT2834",400,1908,-1508,-1508,6
PT2836,"PT2836",0,6704,-6704,-6704,4
PT2837,"PT2837",0,553,-553,-553,3
PT2846,"PT2846",0,105,-105,-105,1
PT2847,"PT2847",2050,7153,-5103,-5103,6
PT2850,"PT2850",0,871,-871,-871,3
PT2852,"PT2852",0,1509,-1509,-1509,2
PT2853,"PT2853",0,516,-516,-516,1
PT2854,"PT2854",40,40,0,0,4
PT2856,"PT2856",40,20,20,20,3
PT2857,"PT2857",375,345,30,30,15
PT2858,"PT2858",220,200,20,20,15
PT2859,"PT2859",50,50,0,0,2
PT2900,"PT2900",2353,804,1549,1549,8
PT2906,"종이충전재(스타핑)_화이트",0,718,-718,-718,1
PT2918,"PT2918",940,940,0,0,6
PT2938,"PT2938",604,603,1,1,4
PT2939,"PT2939",0,5848,-5848,-5848,5
PT2960,"PT2960",135,0,135,135,1
PT2962,"PT2962",0,54,-54,-54,1
PT2974,"PT2974",0,5367,-5367,-5367,3
PT2979,"PT2979",249,102,147,147,4
PT2986,"PT2986",388,2118,-1730,-1730,3
PT2995,"PT2995",32,1147,-1115,-1115,2
PT3072,"PT3072",2600,5684,-3084,-3084,8
PT3073,"PT3073",160,15767,-15607,-15607,10
PT3074,"PT3074",0,779,-779,-779,1
PT3089,"PT3089",160,160,0,0,2
PT3111,"PT3111",402,0,402,402,2
PT3138,"PT3138",1390,1120,270,270,3
PT3139,"PT3139",1211,1009,202,202,3
PT3145,"PT3145",105,105,0,0,2
PT3146,"OPP",0,3475,-3475,-3475,1
PT3147,"PT3147",57,0,57,57,1
PT3153,"PT3153",190,0,190,190,1
PT3154,"PT3154",436,102,334,334,4
PT3186,"PT3186",103,0,103,103,1
PT3193,"PT3193",0,2438,-2438,-2438,1
PT3200,"캐리미와인잔(컵부분)",0,304,-304,-304,1
PT3201,"캐리미와인잔(받침대)_투명",0,304,-304,-304,1
PT3203,"PT3203",0,101,-101,-101,1
PT3230,"PT3230",382,176,206,206,6
PT3237,"양면테이프_본품",0,5665,-5665,-5665,1
PT3238,"양면테이프_리필",0,5695,-5695,-5695,1
PT3259,"PT3259",343,212,131,131,3
PT3282,"PT3282",240,800,-560,-560,3
PT3285,"PT3285",201,707,-506,-506,3
PT3291,"PT3291",1640,1100,540,540,3
PT3292,"PT3292",0,3622,-3622,-3622,2
PT3295,"PT3295",1618,1060,558,558,3
PT3298,"PT3298",1157,1157,0,0,12
PT3318,"PT3318",434,333,101,101,5
PT3320,"PT3320",2414,1662,752,752,5
PT3322,"PT3322",0,1508,-1508,-1508,2
PT3323,"페이퍼G형박스(전용)_웜그레이+블랙인쇄",0,112,-112,-112,1
PT3325,"PT3325",1100,4986,-3886,-3886,14
PT3331,"테크미니파우치",1100,7897,-6797,-6797,14
PT3338,"OPP",0,6016,-6016,-6016,1
PT3339,"핸디링미니선풍기_화이트",1085,9383,-8298,-8298,6
PT3341,"PT3341",0,3524,-3524,-3524,1
PT3343,"PT3343",200,540,-340,-340,5
PT3344,"펄프박스_바디_그레이",450,1179,-729,-729,5
PT3345,"띠지밴드_그레이",0,736,-736,-736,1
PT3347,"텀블러류지지박스_그레이",505,636,-131,-131,4
PT3348,"PT3348",0,3643,-3643,-3643,2
PT3349,"PT3349",0,2190,-2190,-2190,1
PT3354,"단품박스(스탠다드)_화이트",0,721,-721,-721,1
PT3355,"사각스티커(전용)(QR덧방)",0,688,-688,-688,1
PT3358,"주의사항스티커(전용)_화이트+디지털풀컬러",0,148,-148,-148,1
PT3359,"OPP",500,810,-310,-310,3
PT3360,"표시사항스티커(전용)",0,770,-770,-770,2
PT3361,"OPP",0,103,-103,-103,1
PT3363,"바닥지_화이트+옵셋풀컬러",0,719,-719,-719,1
PT3365,"PT3365",0,5407,-5407,-5407,2
PT3366,"PT3366",500,3365,-2865,-2865,4
PT3368,"OPP",1000,1570,-570,-570,3
PT3369,"PT3369",0,3991,-3991,-3991,5
PT3370,"단품박스(스탠다드)_화이트",100,1664,-1564,-1564,6
PT3387,"PT3387",51,51,0,202,2
PT3389,"PT3389",0,1808,-1808,-1808,1
PT3390,"PT3390",0,4906,-4906,-4906,1
PT3391,"페이퍼G형박스(Small)_블랙",500,818,-318,-318,6
PT3392,"페이퍼G형박스(Tower)_블랙",0,1186,-1186,-1186,4
PT3394,"슬리브(전용)(Small)_투명+블랙인쇄",680,815,-135,-135,3
PT3395,"슬리브(전용)(Tower)_투명+블랙인쇄",0,1255,-1255,-1255,3
PT3397,"PT3397",49,21,28,28,7
PT3399,"지지대(Tower)_블랙",0,1056,-1056,-1056,3
PT3497,"PT3497",0,166,-166,-166,1
PT3557,"PT3557",101,101,0,0,2
PT3558,"PT3558",300,0,300,300,1
PT3560,"PT3560",253,253,0,0,6
PT3562,"PT3562",151,151,0,0,2
PT3565,"PT3565",658,0,658,658,3
PT3570,"PT3570",132,132,0,0,2
PT3571,"PT3571",563,0,563,563,1
PT3576,"PT3576",3825,3623,202,202,30
PT3579,"PT3579",353,353,0,0,6
PT3580,"PT3580",614,153,461,461,13
PT3582,"PT3582",0,206,-206,-206,1
PT3588,"PT3588",202,0,202,202,1
PT3589,"PT3589",600,300,300,300,3
PT3590,"PT3590",215,9,206,206,8
PT3592,"PT3592",102,102,0,0,4
PT3595,"PT3595",333,132,201,201,3
PT3600,"PT3600",51,51,0,0,2
PT3601,"PT3601",331,130,201,201,3
PT3603,"PT3603",101,0,101,101,1
PT3604,"PT3604",104,0,104,104,1
PT3606,"PT3606",0,272,-272,-272,3
PT3607,"PT3607",0,101,-101,-101,1
PT3608,"PT3608",1,11,-10,-10,3
PT3612,"PT3612",2,150,-148,-148,3
PT3615,"PT3615",1,0,1,1,1
PT3616,"PT3616",0,371,-371,-371,4
PT3617,"PT3617",17,0,17,17,3
PT3619,"PT3619",2,300,-298,-298,4
PT3620,"PT3620",0,101,-101,-101,1
PT3624,"PT3624",1,0,1,1,1
PT3625,"PT3625",0,329,-329,-329,2
PT3627,"PT3627",0,101,-101,-101,1
PT3629,"PT3629",1,450,-449,-449,3
PT3634,"PT3634",1,0,1,1,1
PT3637,"PT3637",0,800,-800,-800,1
PT3638,"PT3638",0,155,-155,-155,2
PT3640,"PT3640",0,131,-131,-131,1
PT3641,"PT3641",0,885,-885,-885,7
PT3642,"PT3642",2,141,-139,-139,3
PT3644,"PT3644",0,300,-300,-300,1
PT3646,"PT3646",1,100,-99,-99,3
PT3648,"PT3648",0,203,-203,-203,3
PT3649,"PT3649",0,500,-500,-500,2
PT3650,"PT3650",0,1204,-1204,-1204,8
PT3651,"PT3651",0,200,-200,-200,2
PT3654,"PT3654",1,206,-205,-205,4
PT3656,"PT3656",21,14,7,7,5
PT3657,"PT3657",0,200,-200,-200,1
PT3659,"PT3659",0,305,-305,-305,5
PT3661,"PT3661",0,1302,-1302,-1302,3
PT3663,"PT3663",1,175,-174,-174,4
PT3665,"PT3665",19,286,-267,-267,4
PT3666,"PT3666",6,300,-294,-294,5
PT3668,"PT3668",0,200,-200,-200,1
PT3669,"PT3669",6,1253,-1247,-1247,11
PT3676,"PT3676",0,800,-800,-800,1
PT3681,"PT3681",0,130,-130,-130,1
PT3689,"PT3689",134,583,-449,-449,16
PT3691,"PT3691",2,254,-252,-252,8
PT3692,"PT3692",0,151,-151,-151,1
PT3693,"PT3693",1,0,1,1,1
PT3694,"PT3694",4,130,-126,-126,5
PT3696,"PT3696",1,0,1,1,1
PT3702,"PT3702",0,101,-101,-101,1
PT3703,"PT3703",1,352,-351,-351,4
PT3705,"PT3705",0,400,-400,-400,1
PT3708,"PT3708",7,8912,-8905,-8905,22
PT3709,"PT3709",10,1000,-990,-990,2
PT3711,"PT3711",0,301,-301,-301,2
PT3712,"PT3712",2,0,2,2,1
PT3715,"PT3715",0,663,-663,-663,4
PT3717,"PT3717",1,340,-339,-339,2
PT3718,"PT3718",10,0,10,10,2
PT3720,"PT3720",0,453,-453,-453,4
PT3721,"PT3721",2,0,2,2,1
PT3723,"PT3723",0,101,-101,-101,1
PT3724,"PT3724",0,804,-804,-804,3
PT3726,"PT3726",0,2202,-2202,-2202,3
PT3728,"PT3728",0,453,-453,-453,2
PT3729,"PT3729",1,201,-200,-200,3
PT3730,"PT3730",17,867,-850,-850,12
PT3732,"PT3732",2,2000,-1998,-1998,3
PT3735,"PT3735",0,200,-200,-200,1
PT3739,"PT3739",0,200,-200,-200,2
PT3740,"PT3740",8,20,-12,-12,2
PT3741,"PT3741",0,170,-170,-170,2
PT3743,"PT3743",120,800,-680,-680,19
PT3744,"PT3744",0,701,-701,-701,2
PT3745,"PT3745",0,51,-51,-51,1
PT3748,"PT3748",0,153,-153,-153,1
PT3749,"PT3749",0,210,-210,-210,1
PT3750,"PT3750",0,100,-100,-100,1
PT3751,"PT3751",1,0,1,1,1
PT3752,"PT3752",0,151,-151,-151,1
PT3754,"PT3754",4,931,-927,-927,8
PT3755,"PT3755",1,1195,-1194,-1194,9
PT3756,"PT3756",2,0,2,2,2
PT3759,"PT3759",0,2000,-2000,-2000,2
PT3760,"PT3760",0,802,-802,-802,3
PT3761,"PT3761",6,804,-798,-798,14
PT3762,"PT3762",0,200,-200,-200,1
PT3766,"킵세이프마그넷배터리",0,8717,-8717,-8717,1
PT3769,"PT3769",612,612,0,0,8
PT3771,"주의사항표기서(전용)_화이트",0,5916,-5916,-5916,1
PT3776,"PT3776",101,101,0,0,2
PT3779,"PT3779",612,410,202,202,14
PT3787,"PT3787",586,333,253,253,6
PT3790,"PT3790",132,0,132,132,1
PT3839,"PT3839",925,1214,-289,-289,14
PT3842,"PT3842",295,295,0,0,2
PT3850,"PT3850",0,914,-914,-914,5
PT3853,"PT3853",1566,102,1464,1464,7
PT3888,"PT3888",78,77,1,1,2
PT3893,"PT3893",3,306,-303,-303,7
PT3899,"PT3899",101,0,101,101,1
PT3900,"PT3900",0,2132,-2132,-2132,2
PT3905,"PT3905",230,0,230,230,1
PT3909,"PT3909",0,5,-5,-5,1
PT3910,"PT3910",2,0,2,2,2
PT3912,"PT3912",212,0,212,212,1
PT3913,"PT3913",0,100,-100,-100,1
PT3920,"PT3920",943,943,0,0,6
PT3938,"PT3938",0,804,-804,-804,3
PT3939,"PT3939",804,804,0,0,6
PT3941,"PT3941",284,284,0,0,2
PT3946,"PT3946",0,50,-50,-50,1
PT3983,"PT3983",0,343,-343,-343,1
PT3997,"PT3997",151,151,0,0,2
PT4012,"PT4012",2,0,2,2,1
PT4014,"PT4014",2,0,2,2,1
PT4015,"PT4015",2,498,-496,-496,2
PT4025,"PT4025",0,150,-150,-150,1
PT4027,"PT4027",457,457,0,0,2
PT4083,"PT4083",5,360,-355,-355,4
PT4085,"PT4085",84,0,84,84,1
PT4095,"PT4095",40,40,0,0,2
PT4103,"PT4103",151,151,0,0,2
PT4105,"PT4105",714,610,104,104,5
PT4109,"PT4109",1093,1093,0,0,6
PT4113,"PT4113",0,410,-410,-410,2
PT4114,"PT4114",2,50,-48,-48,2
PT4115,"PT4115",0,20,-20,-20,1
PT4165,"PT4165",206,206,0,0,2
PT4169,"PT4169",301,0,301,301,1
PT4173,"PT4173",305,0,305,305,1
PT4178,"PT4178",60,60,0,0,2
PT4179,"PT4179",20,20,0,0,2
PT4183,"PT4183",0,100,-100,-100,1
PT4184,"PT4184",0,710,-710,-710,5
PT4185,"PT4185",148,148,0,0,2
PT4194,"PT4194",101,101,0,0,2
PT4226,"PT4226",90,90,0,0,2
PT4227,"PT4227",1022,0,1022,1022,2
PT4239,"리프레쉬고체치약(쿨민트.50정)",0,3244,-3244,-3244,2
PT4240,"PT4240",152,152,0,0,2
PT4259,"PT4259",15,15,0,0,2
PT4264,"PT4264",152,152,0,0,4
PT4265,"PT4265",134,134,0,0,2
PT4266,"PT4266",90,90,0,0,2
PT4271,"PT4271",302,201,101,101,3
PT4272,"PT4272",0,300,-300,-300,1
PT4273,"PT4273",0,300,-300,-300,2
PT4274,"PT4274",108,50,58,58,17
PT4278,"PT4278",0,150,-150,-150,2
PT4279,"PT4279",9,200,-191,-191,6
PT4283,"퀵차지도킹형보조배터리_화이트",0,7012,-7012,-7012,1
PT4290,"PT4290",380,0,380,380,1
PT4295,"PT4295",0,150,-150,-150,1
PT4296,"PT4296",302,0,302,302,1
PT4312,"PT4312",144,144,0,0,2
PT4317,"PT4317",508,340,168,168,3
PT4318,"PT4318",138,138,0,0,2
PT4323,"PT4323",0,50,-50,-50,1
PT4324,"PT4324",50,50,0,0,2
PT4362,"PT4362",2,450,-448,-448,5
PT4371,"PT4371",0,2,-2,-2,2
PT4378,"PT4378",572,572,0,0,6
PT4379,"PT4379",5502,0,5502,5502,2
PT4380,"PT4380",0,160,-160,-160,2
PT4383,"PT4383",9,853,-844,-844,9
PT4393,"페이퍼G형박스_블랙",0,52,-52,-52,1
PT4394,"PT4394",47,55,-8,-8,2
PT4395,"지지박스_블랙",0,53,-53,-53,1
PT4399,"PT4399",0,106,-106,-106,1
PT4400,"PT4400",5000,23261,-18261,-18261,9
PT4401,"OPP",0,5754,-5754,-5754,6
PT4402,"PT4402",0,3126,-3126,-3126,4
PT4403,"PT4403",2160,3084,-924,-924,6
PT4416,"PT4416",359,276,83,83,7
PT4418,"PT4418",252,252,0,0,4
PT4445,"PT4445",213,0,213,220,1
PT4464,"PT4464",31,3880,-3849,-3849,42
PT4466,"PT4466",2,271,-269,-269,5
PT4467,"PT4467",4386,3001,1385,1385,33
PT4475,"PT4475",51,51,0,0,2
PT4481,"PT4481",88,88,0,0,2
PT4485,"PT4485",2,51,-49,-49,3
PT4487,"PT4487",202,202,0,0,2
PT4499,"PT4499",0,4103,-4103,-4103,1
PT4543,"PT4543",104,104,0,0,2
PT4544,"PT4544",0,101,-101,-101,1
PT4592,"PT4592",3496,1698,1798,1798,12
PT4593,"PT4593",140,140,0,0,2
PT4595,"PT4595",504,1060,-556,-556,3
PT4596,"PT4596",630,630,0,0,2
PT4605,"PT4605",218,218,0,0,2
PT4609,"PT4609",0,653,-653,-653,3
PT4610,"PT4610",153,153,0,0,2
PT4612,"PT4612",4728,4626,102,102,13
PT4613,"PT4613",9,6342,-6333,-6333,17
PT4631,"PT4631",234,234,0,0,2
PT4632,"PT4632",216,216,0,0,2
PT4642,"PT4642",9,420,-411,-411,8
PT4644,"PT4644",727,323,404,404,5
PT4646,"PT4646",2576,3373,-797,-797,7
PT4647,"PT4647",132,132,0,0,2
PT4649,"PT4649",132,132,0,0,2
PT4663,"PT4663",1248,968,280,280,3
PT4690,"PT4690",459,456,3,3,2
PT4691,"PT4691",0,100,-100,-100,1
PT4693,"PT4693",0,135,-135,-135,1
PT4694,"PT4694",0,120,-120,-120,1
PT4696,"PT4696",1,1042,-1041,-1041,7
PT4699,"PT4699",1264,14,1250,1250,9
PT4707,"PT4707",0,578,-578,-578,3
PT4709,"PT4709",0,1000,-1000,-1000,2
PT4710,"PT4710",2203,2445,-242,-242,18
PT4711,"PT4711",2221,2110,111,111,10
PT4712,"PT4712",2203,1649,554,554,15
PT4714,"PT4714",0,254,-254,-254,3
PT4717,"PT4717",0,101,-101,-101,1
PT4718,"PT4718",528,0,528,528,1
PT4719,"PT4719",920,532,388,388,7
PT4721,"오아시스미니마사지건_화이트",0,30,-30,-30,1
PT4723,"PT4723",0,30,-30,-30,1
PT4726,"PT4726",0,2355,-2355,-2355,12
PT4727,"PT4727",2050,1809,241,241,20
PT4729,"PT4729",500,1022,-522,-522,7
PT4730,"PT4730",500,876,-376,-376,14
PT4731,"PT4731",5100,705,4395,4395,6
PT4732,"PT4732",500,908,-408,-408,4
PT4733,"PT4733",34,4862,-4828,-4828,40
PT4734,"PT4734",4389,1983,2406,2457,33
PT4737,"PT4737",1230,381,849,849,5
PT4750,"PT4750",0,420,-420,-420,2
PT4753,"PT4753",21,0,21,21,1
PT4754,"단품박스(스탠다드)_화이트",0,3864,-3864,-3864,1
PT4756,"PT4756",1000,958,42,42,2
PT4757,"PT4757",0,614,-614,-614,1
PT4758,"PT4758",200,0,200,200,1
PT4759,"PT4759",500,0,500,500,1
PT4760,"골지G형박스(S)_그레이",0,53,-53,-53,1
PT4761,"PT4761",4,16,-12,-12,2
PT4762,"PT4762",1224,2253,-1029,-819,14
PT4764,"PT4764",0,126,-126,-126,1
PT4768,"PT4768",0,578,-578,-578,3
PT4769,"PT4769",261,881,-620,-620,6
PT4770,"단품박스(스탠다드)_화이트",0,101,-101,-101,1
PT4772,"PT4772",3,228,-225,-225,4
PT4791,"PT4791",500,908,-408,-408,4
PT4792,"PT4792",0,1302,-1302,-1302,3
PT4793,"PT4793",261,261,0,0,4
PT4794,"PT4794",0,410,-410,-410,3
PT4813,"PT4813",1,950,-949,-949,4
PT4816,"PT4816",3,0,3,3,3
PT4830,"솔리드레디백_블랙",504,0,504,504,1
PT4834,"PT4834",5347,347,5000,5000,5
PT4835,"PT4835",5,571,-566,-566,8
PT4842,"커스텀플레이트_블랙",700,0,700,700,1
PT4843,"골지단품박스(전용)(핸들)",700,0,700,700,1
PT4850,"PT4850",843,843,0,0,6
PT4851,"PT4851",396,396,0,0,2
PT4852,"PT4852",378,378,0,0,2
PT4854,"PT4854",0,200,-200,-200,1
PT4860,"PT4860",763,557,206,206,8
PT4864,"PT4864",1,555,-554,-554,4
PT4875,"PT4875",888,546,342,342,12
PT4880,"PT4880",0,782,-782,-782,4
PT4886,"PT4886",150,250,-100,-50,4
PT4887,"PT4887",80,260,-180,-180,5
PT4888,"PT4888",100,312,-212,-212,4
PT4890,"PT4890",0,212,-212,-212,2
PT4902,"PT4902",0,1,-1,-1,1
PT4904,"PT4904",0,1,-1,-1,1
PT4911,"PT4911",90,0,90,90,1
PT4913,"PT4913",160,160,0,0,2
PT4915,"PT4915",123,123,0,0,2
PT4916,"PT4916",1,50,-49,-49,2
PT4917,"PT4917",80,0,80,78,12
PT4918,"PT4918",200,200,0,0,8
PT4919,"PT4919",4,0,4,4,2
PT4925,"PT4925",0,120,-120,-120,1
PT4926,"PT4926",212,212,0,0,8
PT4951,"PT4951",565,565,0,0,6
PT4952,"PT4952",2634,3784,-1150,-1150,9
PT4953,"PT4953",910,1130,-220,-220,8
PT4954,"PT4954",0,50,-50,-50,1
PT4957,"PT4957",0,212,-212,-212,2
PT4964,"PT4964",115,0,115,115,1
PT4966,"PT4966",0,2466,-2466,-2466,6
PT4967,"PT4967",20,0,20,20,6
PT4968,"PT4968",204,0,204,204,2
PT4970,"PT4970",6,100,-94,-94,5
PT4986,"PT4986",0,150,-150,-150,1
PT4988,"PT4988",178,178,0,0,2
PT4989,"PT4989",184,184,0,0,2
PT5011,"PT5011",1,150,-149,-149,2
PT5013,"PT5013",151,151,0,0,2
PT5037,"PT5037",0,251,-251,-251,1
PT5078,"PT5078",522,282,240,240,5
PT5086,"PT5086",4,0,4,4,3
PT5095,"PT5095",72,72,0,0,2
PT5096,"PT5096",52,52,0,0,2
PT5102,"PT5102",30,30,0,0,2
PT5106,"PT5106",2076,2076,0,0,14
PT5124,"PT5124",0,1226,-1226,-1226,8
PT5125,"PT5125",1741,1691,50,50,19
PT5127,"PT5127",70,70,0,0,2
PT5136,"PT5136",1050,849,201,201,9
PT5138,"PT5138",1395,340,1055,1055,11
PT5140,"PT5140",1,670,-669,-669,6
PT5141,"PT5141",0,30,-30,-30,1
PT5143,"PT5143",0,50,-50,-50,1
PT5145,"PT5145",50,50,0,0,2
PT5149,"PT5149",467,410,57,57,6
PT5152,"PT5152",72,0,72,72,1
PT5153,"PT5153",7,400,-393,-393,8
PT5154,"PT5154",419,202,217,217,8
PT5157,"PT5157",510,510,0,0,2
PT5182,"PT5182",5,0,5,5,3
PT5184,"PT5184",5,0,5,5,3
PT5203,"PT5203",330,330,0,0,2
PT5211,"PT5211",505,0,505,505,1
PT5227,"PT5227",1047,1047,0,0,2
PT5231,"PT5231",0,300,-300,-300,1
PT5232,"PT5232",1470,1013,457,457,5
PT5259,"PT5259",408,408,0,0,4
PT5271,"PT5271",516,516,0,0,4
PT5276,"PT5276",0,612,-612,-612,3
PT5289,"덮개박스(스탠다드)_블랙",1018,30,988,988,2
PT5361,"PT5361",520,0,520,520,1