-- ============================================================
-- Seed 004: Material Master (Goods, Items, Parts) + BOM
-- ============================================================
-- Depends on: 002 (vendors), reference tables (material_type, material_group)
-- ============================================================

BEGIN;

-- ============================================================
-- 1. shared.parts_master  (25 parts)
-- ============================================================
-- material_type_id references:
--   ROH  (원재료)  = 'bbbbbbbb-mt01-0000-0000-000000000001'
--   VERP (포장재)  = 'bbbbbbbb-mt04-0000-0000-000000000004'
--   HAWA (상품)    = 'bbbbbbbb-mt05-0000-0000-000000000005'
--
-- material_group_id references:
--   MG-TUMBLER     = 'cccccccc-mg01-0000-0000-000000000001'
--   MG-STATIONERY  = 'cccccccc-mg02-0000-0000-000000000002'
--   MG-PACKAGING   = 'cccccccc-mg03-0000-0000-000000000003'
--   MG-ELECTRONICS = 'cccccccc-mg04-0000-0000-000000000004'
--   MG-MERCH       = 'cccccccc-mg05-0000-0000-000000000005'
-- ============================================================

INSERT INTO shared.parts_master
    (id, parts_code, parts_name, vendor_id, parts_type,
     material_type_id, material_group_id, base_uom, is_stock_managed, status)
VALUES
-- ── Tumblers (VEN005, ROH, MG-TUMBLER) ──────────────────────
('88888888-0001-0000-0000-000000000001', 'PRT001', '스테인리스 텀블러 500ml',
 '44444444-0005-0000-0000-000000000005', 'raw',
 'bbbbbbbb-mt01-0000-0000-000000000001', 'cccccccc-mg01-0000-0000-000000000001',
 'EA', TRUE, 'active'),

('88888888-0002-0000-0000-000000000002', 'PRT002', '보온 텀블러 350ml',
 '44444444-0005-0000-0000-000000000005', 'raw',
 'bbbbbbbb-mt01-0000-0000-000000000001', 'cccccccc-mg01-0000-0000-000000000001',
 'EA', TRUE, 'active'),

('88888888-0003-0000-0000-000000000003', 'PRT003', '유리 텀블러 400ml',
 '44444444-0005-0000-0000-000000000005', 'raw',
 'bbbbbbbb-mt01-0000-0000-000000000001', 'cccccccc-mg01-0000-0000-000000000001',
 'EA', TRUE, 'active'),

('88888888-0004-0000-0000-000000000004', 'PRT004', '플라스틱 텀블러 600ml',
 '44444444-0005-0000-0000-000000000005', 'raw',
 'bbbbbbbb-mt01-0000-0000-000000000001', 'cccccccc-mg01-0000-0000-000000000001',
 'EA', TRUE, 'active'),

('88888888-0005-0000-0000-000000000005', 'PRT005', '대나무 텀블러 480ml',
 '44444444-0005-0000-0000-000000000005', 'raw',
 'bbbbbbbb-mt01-0000-0000-000000000001', 'cccccccc-mg01-0000-0000-000000000001',
 'EA', TRUE, 'active'),

-- ── Stationery (VEN006, ROH, MG-STATIONERY) ─────────────────
('88888888-0006-0000-0000-000000000006', 'PRT006', 'A5 다이어리 (하드커버)',
 '44444444-0006-0000-0000-000000000006', 'raw',
 'bbbbbbbb-mt01-0000-0000-000000000001', 'cccccccc-mg02-0000-0000-000000000002',
 'EA', TRUE, 'active'),

('88888888-0007-0000-0000-000000000007', 'PRT007', 'B5 노트 (소프트커버)',
 '44444444-0006-0000-0000-000000000006', 'raw',
 'bbbbbbbb-mt01-0000-0000-000000000001', 'cccccccc-mg02-0000-0000-000000000002',
 'EA', TRUE, 'active'),

('88888888-0008-0000-0000-000000000008', 'PRT008', '포스트잇 세트',
 '44444444-0006-0000-0000-000000000006', 'raw',
 'bbbbbbbb-mt01-0000-0000-000000000001', 'cccccccc-mg02-0000-0000-000000000002',
 'EA', TRUE, 'active'),

('88888888-0009-0000-0000-000000000009', 'PRT009', '볼펜 3색 세트',
 '44444444-0006-0000-0000-000000000006', 'raw',
 'bbbbbbbb-mt01-0000-0000-000000000001', 'cccccccc-mg02-0000-0000-000000000002',
 'EA', TRUE, 'active'),

('88888888-0010-0000-0000-000000000010', 'PRT010', '북마크 카드 세트',
 '44444444-0006-0000-0000-000000000006', 'raw',
 'bbbbbbbb-mt01-0000-0000-000000000001', 'cccccccc-mg02-0000-0000-000000000002',
 'EA', TRUE, 'active'),

-- ── Packaging (VEN003, VERP, MG-PACKAGING) ───────────────────
('88888888-0011-0000-0000-000000000011', 'PRT011', '크라프트 박스 (소)',
 '44444444-0003-0000-0000-000000000003', 'packaging',
 'bbbbbbbb-mt04-0000-0000-000000000004', 'cccccccc-mg03-0000-0000-000000000003',
 'EA', TRUE, 'active'),

('88888888-0012-0000-0000-000000000012', 'PRT012', '크라프트 박스 (중)',
 '44444444-0003-0000-0000-000000000003', 'packaging',
 'bbbbbbbb-mt04-0000-0000-000000000004', 'cccccccc-mg03-0000-0000-000000000003',
 'EA', TRUE, 'active'),

('88888888-0013-0000-0000-000000000013', 'PRT013', '에어캡 포장재 500m',
 '44444444-0003-0000-0000-000000000003', 'packaging',
 'bbbbbbbb-mt04-0000-0000-000000000004', 'cccccccc-mg03-0000-0000-000000000003',
 'M', TRUE, 'active'),

('88888888-0014-0000-0000-000000000014', 'PRT014', '리본 포장끈 (10색 세트)',
 '44444444-0003-0000-0000-000000000003', 'packaging',
 'bbbbbbbb-mt04-0000-0000-000000000004', 'cccccccc-mg03-0000-0000-000000000003',
 'SET', TRUE, 'active'),

('88888888-0015-0000-0000-000000000015', 'PRT015', 'OPP 봉투 (200매)',
 '44444444-0003-0000-0000-000000000003', 'packaging',
 'bbbbbbbb-mt04-0000-0000-000000000004', 'cccccccc-mg03-0000-0000-000000000003',
 'PACK', TRUE, 'active'),

-- ── Electronics (VEN008, ROH, MG-ELECTRONICS) ────────────────
('88888888-0016-0000-0000-000000000016', 'PRT016', '무선 이어폰 세트',
 '44444444-0008-0000-0000-000000000008', 'raw',
 'bbbbbbbb-mt01-0000-0000-000000000001', 'cccccccc-mg04-0000-0000-000000000004',
 'EA', TRUE, 'active'),

('88888888-0017-0000-0000-000000000017', 'PRT017', 'USB-C 멀티허브',
 '44444444-0008-0000-0000-000000000008', 'raw',
 'bbbbbbbb-mt01-0000-0000-000000000001', 'cccccccc-mg04-0000-0000-000000000004',
 'EA', TRUE, 'active'),

('88888888-0018-0000-0000-000000000018', 'PRT018', '무선 충전패드',
 '44444444-0008-0000-0000-000000000008', 'raw',
 'bbbbbbbb-mt01-0000-0000-000000000001', 'cccccccc-mg04-0000-0000-000000000004',
 'EA', TRUE, 'active'),

('88888888-0019-0000-0000-000000000019', 'PRT019', '블루투스 스피커 미니',
 '44444444-0008-0000-0000-000000000008', 'raw',
 'bbbbbbbb-mt01-0000-0000-000000000001', 'cccccccc-mg04-0000-0000-000000000004',
 'EA', TRUE, 'active'),

('88888888-0020-0000-0000-000000000020', 'PRT020', '보조배터리 10000mAh',
 '44444444-0008-0000-0000-000000000008', 'raw',
 'bbbbbbbb-mt01-0000-0000-000000000001', 'cccccccc-mg04-0000-0000-000000000004',
 'EA', TRUE, 'active'),

-- ── Merchandise (VEN007, HAWA, MG-MERCH) ─────────────────────
('88888888-0021-0000-0000-000000000021', 'PRT021', '에코백 (캔버스)',
 '44444444-0007-0000-0000-000000000007', 'merchandise',
 'bbbbbbbb-mt05-0000-0000-000000000005', 'cccccccc-mg05-0000-0000-000000000005',
 'EA', TRUE, 'active'),

('88888888-0022-0000-0000-000000000022', 'PRT022', '캐릭터 피규어 (한정판)',
 '44444444-0007-0000-0000-000000000007', 'merchandise',
 'bbbbbbbb-mt05-0000-0000-000000000005', 'cccccccc-mg05-0000-0000-000000000005',
 'EA', TRUE, 'active'),

('88888888-0023-0000-0000-000000000023', 'PRT023', '마그네틱 클립보드',
 '44444444-0007-0000-0000-000000000007', 'merchandise',
 'bbbbbbbb-mt05-0000-0000-000000000005', 'cccccccc-mg05-0000-0000-000000000005',
 'EA', TRUE, 'active'),

('88888888-0024-0000-0000-000000000024', 'PRT024', '실리콘 케이블 홀더 세트',
 '44444444-0007-0000-0000-000000000007', 'merchandise',
 'bbbbbbbb-mt05-0000-0000-000000000005', 'cccccccc-mg05-0000-0000-000000000005',
 'EA', TRUE, 'active'),

('88888888-0025-0000-0000-000000000025', 'PRT025', '미니 카렌더 + 스티커 세트',
 '44444444-0007-0000-0000-000000000007', 'merchandise',
 'bbbbbbbb-mt05-0000-0000-000000000005', 'cccccccc-mg05-0000-0000-000000000005',
 'EA', TRUE, 'active');


-- ============================================================
-- 2. shared.goods_master  (3 sample kits, material_type FERT)
-- ============================================================
-- FERT (완제품) = 'bbbbbbbb-mt03-0000-0000-000000000003'
-- ============================================================

INSERT INTO shared.goods_master
    (id, goods_code, goods_name, material_type_id, base_uom, goods_category, product_status)
VALUES
('99999999-gd01-0000-0000-000000000001', 'GDS001', 'STCLab 임직원 기념품 키트',
 'bbbbbbbb-mt03-0000-0000-000000000003', 'SET', 'kit', 'active'),

('99999999-gd02-0000-0000-000000000002', 'GDS002', '한글과컴퓨터 신년 선물 세트',
 'bbbbbbbb-mt03-0000-0000-000000000003', 'SET', 'kit', 'active'),

('99999999-gd03-0000-0000-000000000003', 'GDS003', '에코 오피스 스타터 팩',
 'bbbbbbbb-mt03-0000-0000-000000000003', 'SET', 'kit', 'active');


-- ============================================================
-- 3. pp.bom_headers + pp.bom_items  (BOM for 3 kits)
-- ============================================================

-- ── BOM for GDS001: STCLab 임직원 기념품 키트 ────────────────
INSERT INTO pp.bom_headers (id, bom_code, goods_id, bom_type, valid_from)
VALUES
('eeeeeeee-bm01-0000-0000-000000000001', 'BOM-GDS001',
 '99999999-gd01-0000-0000-000000000001', 'kit', '2026-01-01');

INSERT INTO pp.bom_items (bom_id, parts_id, component_qty, sort_order)
VALUES
('eeeeeeee-bm01-0000-0000-000000000001', '88888888-0001-0000-0000-000000000001', 1, 1),  -- 스테인리스 텀블러
('eeeeeeee-bm01-0000-0000-000000000001', '88888888-0006-0000-0000-000000000006', 1, 2),  -- A5 다이어리
('eeeeeeee-bm01-0000-0000-000000000001', '88888888-0009-0000-0000-000000000009', 1, 3),  -- 볼펜 3색 세트
('eeeeeeee-bm01-0000-0000-000000000001', '88888888-0011-0000-0000-000000000011', 1, 4);  -- 크라프트 박스 (소)


-- ── BOM for GDS002: 한글과컴퓨터 신년 선물 세트 ──────────────
INSERT INTO pp.bom_headers (id, bom_code, goods_id, bom_type, valid_from)
VALUES
('eeeeeeee-bm02-0000-0000-000000000002', 'BOM-GDS002',
 '99999999-gd02-0000-0000-000000000002', 'kit', '2026-01-01');

INSERT INTO pp.bom_items (bom_id, parts_id, component_qty, sort_order)
VALUES
('eeeeeeee-bm02-0000-0000-000000000002', '88888888-0002-0000-0000-000000000002', 1, 1),  -- 보온 텀블러
('eeeeeeee-bm02-0000-0000-000000000002', '88888888-0007-0000-0000-000000000007', 1, 2),  -- B5 노트
('eeeeeeee-bm02-0000-0000-000000000002', '88888888-0016-0000-0000-000000000016', 1, 3),  -- 무선 이어폰
('eeeeeeee-bm02-0000-0000-000000000002', '88888888-0012-0000-0000-000000000012', 1, 4);  -- 크라프트 박스 (중)


-- ── BOM for GDS003: 에코 오피스 스타터 팩 ────────────────────
INSERT INTO pp.bom_headers (id, bom_code, goods_id, bom_type, valid_from)
VALUES
('eeeeeeee-bm03-0000-0000-000000000003', 'BOM-GDS003',
 '99999999-gd03-0000-0000-000000000003', 'kit', '2026-01-01');

INSERT INTO pp.bom_items (bom_id, parts_id, component_qty, sort_order)
VALUES
('eeeeeeee-bm03-0000-0000-000000000003', '88888888-0021-0000-0000-000000000021', 1, 1),  -- 에코백
('eeeeeeee-bm03-0000-0000-000000000003', '88888888-0005-0000-0000-000000000005', 1, 2),  -- 대나무 텀블러
('eeeeeeee-bm03-0000-0000-000000000003', '88888888-0008-0000-0000-000000000008', 1, 3),  -- 포스트잇
('eeeeeeee-bm03-0000-0000-000000000003', '88888888-0010-0000-0000-000000000010', 1, 4);  -- 북마크 카드

COMMIT;
