-- ============================================================
-- Seed 006: Operational Test Data — 20 Projects Full Lifecycle
-- For Retool + Supabase testing
--
-- Project stages:
--   PRJ-001~005: 배송 완료 (completed)
--   PRJ-006~010: 생산 중 (in_progress)
--   PRJ-011~015: 입고 대기 (procurement)
--   PRJ-016~020: 신규/기획 (planning)
--
-- Dependencies: 001~005 seed files
-- ============================================================

BEGIN;

-- ============================================================
-- SECTION 1: 20 PROJECTS
-- ============================================================
INSERT INTO shared.projects
  (id, project_code, project_name, client_id, project_status, main_usage,
   first_shipment_date, last_shipment_date, fulfillment_lead_time,
   cx_specialist_id, ordered_items_summary)
VALUES
-- === 배송 완료 (5) ===
('aaaaaaaa-pj01-0000-0000-000000000001','PRJ-2026-001','STCLab 임직원 키트 100세트',
 '33333333-0002-0000-0000-000000000002','completed','임직원 웰컴키트',
 '2026-01-15','2026-01-20',7,'11111111-0001-0000-0000-000000000001','텀블러+다이어리+볼펜 키트'),

('aaaaaaaa-pj02-0000-0000-000000000002','PRJ-2026-002','한글과컴퓨터 신년 선물 200세트',
 '33333333-0003-0000-0000-000000000003','completed','신년 선물',
 '2026-01-25','2026-02-01',10,'11111111-0002-0000-0000-000000000002','텀블러+이어폰+노트 세트'),

('aaaaaaaa-pj03-0000-0000-000000000003','PRJ-2026-003','롯데이노베이트 워크샵 굿즈 150세트',
 '33333333-0004-0000-0000-000000000004','completed','워크샵 기념품',
 '2026-02-10','2026-02-12',5,'11111111-0003-0000-0000-000000000003','충전패드+포스트잇+에코백'),

('aaaaaaaa-pj04-0000-0000-000000000004','PRJ-2026-004','삼성SDS 컨퍼런스 굿즈 300세트',
 '33333333-0015-0000-0000-000000000015','completed','컨퍼런스 배포',
 '2026-02-20','2026-02-25',14,'11111111-0004-0000-0000-000000000004','텀블러+멀티허브+노트'),

('aaaaaaaa-pj05-0000-0000-000000000005','PRJ-2026-005','네이버 개발자 데이 키트 500세트',
 '33333333-0029-0000-0000-000000000029','completed','개발자 이벤트',
 '2026-03-01','2026-03-05',14,'11111111-0005-0000-0000-000000000005','스피커+보조배터리+스티커'),

-- === 생산 중 (5) ===
('aaaaaaaa-pj06-0000-0000-000000000006','PRJ-2026-006','업스테이지 AI Day 키트 120세트',
 '33333333-0020-0000-0000-000000000020','active','AI 컨퍼런스',
 '2026-04-10',NULL,10,'11111111-0006-0000-0000-000000000006','텀블러+다이어리+USB허브'),

('aaaaaaaa-pj07-0000-0000-000000000007','PRJ-2026-007','엠퍼니 입사 웰컴키트 80세트',
 '33333333-0005-0000-0000-000000000005','active','웰컴키트',
 '2026-04-15',NULL,7,'11111111-0001-0000-0000-000000000001','텀블러+노트+볼펜+에코백'),

('aaaaaaaa-pj08-0000-0000-000000000008','PRJ-2026-008','서울AI재단 시상식 기념품 60세트',
 '33333333-0014-0000-0000-000000000014','active','시상식 기념품',
 '2026-04-20',NULL,5,'11111111-0002-0000-0000-000000000002','피규어+클립보드+케이블홀더'),

('aaaaaaaa-pj09-0000-0000-000000000009','PRJ-2026-009','CJ대한통운 안전교육 키트 250세트',
 '33333333-0030-0000-0000-000000000030','active','안전교육 배포',
 '2026-04-25',NULL,10,'11111111-0003-0000-0000-000000000003','텀블러+다이어리+포스트잇'),

('aaaaaaaa-pj10-0000-0000-000000000010','PRJ-2026-010','비상교육 교사의날 선물 100세트',
 '33333333-0019-0000-0000-000000000019','active','교사의날',
 '2026-05-01',NULL,7,'11111111-0004-0000-0000-000000000004','텀블러+북마크+볼펜세트'),

-- === 입고 대기 (5) ===
('aaaaaaaa-pj11-0000-0000-000000000011','PRJ-2026-011','LX판토스 물류인의날 굿즈 200세트',
 '33333333-0010-0000-0000-000000000010','active','물류의날',
 '2026-05-15',NULL,14,'11111111-0005-0000-0000-000000000005','텀블러+보조배터리+노트'),

('aaaaaaaa-pj12-0000-0000-000000000012','PRJ-2026-012','중앙일보 창간 기념 키트 150세트',
 '33333333-0023-0000-0000-000000000023','active','창간 기념',
 '2026-05-20',NULL,10,'11111111-0006-0000-0000-000000000006','유리텀블러+다이어리+스피커'),

('aaaaaaaa-pj13-0000-0000-000000000013','PRJ-2026-013','딜로이트 신입사원 키트 180세트',
 '33333333-0028-0000-0000-000000000028','active','신입사원 키트',
 '2026-06-01',NULL,14,'11111111-0001-0000-0000-000000000001','텀블러+멀티허브+다이어리'),

('aaaaaaaa-pj14-0000-0000-000000000014','PRJ-2026-014','클루커스 연말 선물 90세트',
 '33333333-0022-0000-0000-000000000022','active','연말 선물',
 '2026-06-10',NULL,7,'11111111-0002-0000-0000-000000000002','에코백+충전패드+카렌더세트'),

('aaaaaaaa-pj15-0000-0000-000000000015','PRJ-2026-015','KBG 팀빌딩 키트 70세트',
 '33333333-0013-0000-0000-000000000013','active','팀빌딩',
 '2026-06-15',NULL,5,'11111111-0003-0000-0000-000000000003','텀블러+포스트잇+볼펜'),

-- === 신규/기획 (5) ===
('aaaaaaaa-pj16-0000-0000-000000000016','PRJ-2026-016','알레프 VIP 고객 선물 50세트',
 '33333333-0008-0000-0000-000000000008','active','VIP 고객관리',
 NULL,NULL,NULL,'11111111-0004-0000-0000-000000000004','미정 (기획 중)'),

('aaaaaaaa-pj17-0000-0000-000000000017','PRJ-2026-017','데이원컴퍼니 해커톤 키트 200세트',
 '33333333-0016-0000-0000-000000000016','active','해커톤',
 NULL,NULL,NULL,'11111111-0005-0000-0000-000000000005','미정 (기획 중)'),

('aaaaaaaa-pj18-0000-0000-000000000018','PRJ-2026-018','초록우산 봉사활동 키트 300세트',
 '33333333-0026-0000-0000-000000000026','active','봉사활동',
 NULL,NULL,NULL,'11111111-0006-0000-0000-000000000006','미정 (기획 중)'),

('aaaaaaaa-pj19-0000-0000-000000000019','PRJ-2026-019','NHR HR컨퍼런스 굿즈 120세트',
 '33333333-0027-0000-0000-000000000027','active','HR컨퍼런스',
 NULL,NULL,NULL,'11111111-0001-0000-0000-000000000001','미정 (기획 중)'),

('aaaaaaaa-pj20-0000-0000-000000000020','PRJ-2026-020','더피프티원 10주년 기념 키트 400세트',
 '33333333-0001-0000-0000-000000000001','active','10주년 기념',
 NULL,NULL,NULL,'11111111-0002-0000-0000-000000000002','미정 (기획 중)');


-- ============================================================
-- SECTION 2: PURCHASE ORDERS (PRJ-001~015)
-- 완료/생산/입고 프로젝트만 PO 생성
-- ============================================================

-- --- PRJ-001 POs ---
INSERT INTO mm.purchase_orders (id, po_number, project_id, vendor_id, purchasing_org_id, po_status, requested_date, ordered_by) VALUES
('aaaaaaaa-po01-0000-0000-000000000001','PO-2026-001','aaaaaaaa-pj01-0000-0000-000000000001','44444444-0005-0000-0000-000000000005','22222222-0001-0000-0000-000000000001','closed','2026-01-05','11111111-0007-0000-0000-000000000007'),
('aaaaaaaa-po02-0000-0000-000000000002','PO-2026-002','aaaaaaaa-pj01-0000-0000-000000000001','44444444-0006-0000-0000-000000000006','22222222-0001-0000-0000-000000000001','closed','2026-01-05','11111111-0007-0000-0000-000000000007');

-- --- PRJ-002 POs ---
INSERT INTO mm.purchase_orders (id, po_number, project_id, vendor_id, purchasing_org_id, po_status, requested_date, ordered_by) VALUES
('aaaaaaaa-po03-0000-0000-000000000003','PO-2026-003','aaaaaaaa-pj02-0000-0000-000000000002','44444444-0005-0000-0000-000000000005','22222222-0001-0000-0000-000000000001','closed','2026-01-10','11111111-0007-0000-0000-000000000007'),
('aaaaaaaa-po04-0000-0000-000000000004','PO-2026-004','aaaaaaaa-pj02-0000-0000-000000000002','44444444-0008-0000-0000-000000000008','22222222-0001-0000-0000-000000000001','closed','2026-01-10','11111111-0007-0000-0000-000000000007');

-- --- PRJ-003 POs ---
INSERT INTO mm.purchase_orders (id, po_number, project_id, vendor_id, purchasing_org_id, po_status, requested_date, ordered_by) VALUES
('aaaaaaaa-po05-0000-0000-000000000005','PO-2026-005','aaaaaaaa-pj03-0000-0000-000000000003','44444444-0008-0000-0000-000000000008','22222222-0001-0000-0000-000000000001','closed','2026-01-25','11111111-0007-0000-0000-000000000007'),
('aaaaaaaa-po06-0000-0000-000000000006','PO-2026-006','aaaaaaaa-pj03-0000-0000-000000000003','44444444-0007-0000-0000-000000000007','22222222-0001-0000-0000-000000000001','closed','2026-01-25','11111111-0007-0000-0000-000000000007');

-- --- PRJ-004 POs ---
INSERT INTO mm.purchase_orders (id, po_number, project_id, vendor_id, purchasing_org_id, po_status, requested_date, ordered_by) VALUES
('aaaaaaaa-po07-0000-0000-000000000007','PO-2026-007','aaaaaaaa-pj04-0000-0000-000000000004','44444444-0005-0000-0000-000000000005','22222222-0001-0000-0000-000000000001','closed','2026-02-01','11111111-0007-0000-0000-000000000007'),
('aaaaaaaa-po08-0000-0000-000000000008','PO-2026-008','aaaaaaaa-pj04-0000-0000-000000000004','44444444-0008-0000-0000-000000000008','22222222-0001-0000-0000-000000000001','closed','2026-02-01','11111111-0007-0000-0000-000000000007'),
('aaaaaaaa-po09-0000-0000-000000000009','PO-2026-009','aaaaaaaa-pj04-0000-0000-000000000004','44444444-0006-0000-0000-000000000006','22222222-0001-0000-0000-000000000001','closed','2026-02-01','11111111-0007-0000-0000-000000000007');

-- --- PRJ-005 POs ---
INSERT INTO mm.purchase_orders (id, po_number, project_id, vendor_id, purchasing_org_id, po_status, requested_date, ordered_by) VALUES
('aaaaaaaa-po10-0000-0000-000000000010','PO-2026-010','aaaaaaaa-pj05-0000-0000-000000000005','44444444-0008-0000-0000-000000000008','22222222-0001-0000-0000-000000000001','closed','2026-02-10','11111111-0007-0000-0000-000000000007'),
('aaaaaaaa-po11-0000-0000-000000000011','PO-2026-011','aaaaaaaa-pj05-0000-0000-000000000005','44444444-0003-0000-0000-000000000003','22222222-0001-0000-0000-000000000001','closed','2026-02-10','11111111-0007-0000-0000-000000000007');

-- --- PRJ-006~010 POs (생산 중: received) ---
INSERT INTO mm.purchase_orders (id, po_number, project_id, vendor_id, purchasing_org_id, po_status, requested_date, ordered_by) VALUES
('aaaaaaaa-po12-0000-0000-000000000012','PO-2026-012','aaaaaaaa-pj06-0000-0000-000000000006','44444444-0005-0000-0000-000000000005','22222222-0001-0000-0000-000000000001','received','2026-03-10','11111111-0007-0000-0000-000000000007'),
('aaaaaaaa-po13-0000-0000-000000000013','PO-2026-013','aaaaaaaa-pj06-0000-0000-000000000006','44444444-0006-0000-0000-000000000006','22222222-0001-0000-0000-000000000001','received','2026-03-10','11111111-0007-0000-0000-000000000007'),
('aaaaaaaa-po14-0000-0000-000000000014','PO-2026-014','aaaaaaaa-pj07-0000-0000-000000000007','44444444-0005-0000-0000-000000000005','22222222-0001-0000-0000-000000000001','received','2026-03-15','11111111-0007-0000-0000-000000000007'),
('aaaaaaaa-po15-0000-0000-000000000015','PO-2026-015','aaaaaaaa-pj08-0000-0000-000000000008','44444444-0007-0000-0000-000000000007','22222222-0001-0000-0000-000000000001','received','2026-03-15','11111111-0007-0000-0000-000000000007'),
('aaaaaaaa-po16-0000-0000-000000000016','PO-2026-016','aaaaaaaa-pj09-0000-0000-000000000009','44444444-0005-0000-0000-000000000005','22222222-0001-0000-0000-000000000001','received','2026-03-20','11111111-0007-0000-0000-000000000007'),
('aaaaaaaa-po17-0000-0000-000000000017','PO-2026-017','aaaaaaaa-pj09-0000-0000-000000000009','44444444-0006-0000-0000-000000000006','22222222-0001-0000-0000-000000000001','received','2026-03-20','11111111-0007-0000-0000-000000000007'),
('aaaaaaaa-po18-0000-0000-000000000018','PO-2026-018','aaaaaaaa-pj10-0000-0000-000000000010','44444444-0005-0000-0000-000000000005','22222222-0001-0000-0000-000000000001','received','2026-03-25','11111111-0007-0000-0000-000000000007');

-- --- PRJ-011~015 POs (입고 대기: confirmed/sent) ---
INSERT INTO mm.purchase_orders (id, po_number, project_id, vendor_id, purchasing_org_id, po_status, requested_date, ordered_by) VALUES
('aaaaaaaa-po19-0000-0000-000000000019','PO-2026-019','aaaaaaaa-pj11-0000-0000-000000000011','44444444-0005-0000-0000-000000000005','22222222-0001-0000-0000-000000000001','confirmed','2026-04-01','11111111-0007-0000-0000-000000000007'),
('aaaaaaaa-po20-0000-0000-000000000020','PO-2026-020','aaaaaaaa-pj11-0000-0000-000000000011','44444444-0008-0000-0000-000000000008','22222222-0001-0000-0000-000000000001','confirmed','2026-04-01','11111111-0007-0000-0000-000000000007'),
('aaaaaaaa-po21-0000-0000-000000000021','PO-2026-021','aaaaaaaa-pj12-0000-0000-000000000012','44444444-0005-0000-0000-000000000005','22222222-0001-0000-0000-000000000001','sent','2026-04-05','11111111-0007-0000-0000-000000000007'),
('aaaaaaaa-po22-0000-0000-000000000022','PO-2026-022','aaaaaaaa-pj13-0000-0000-000000000013','44444444-0005-0000-0000-000000000005','22222222-0001-0000-0000-000000000001','confirmed','2026-04-10','11111111-0007-0000-0000-000000000007'),
('aaaaaaaa-po23-0000-0000-000000000023','PO-2026-023','aaaaaaaa-pj13-0000-0000-000000000013','44444444-0008-0000-0000-000000000008','22222222-0001-0000-0000-000000000001','confirmed','2026-04-10','11111111-0007-0000-0000-000000000007'),
('aaaaaaaa-po24-0000-0000-000000000024','PO-2026-024','aaaaaaaa-pj14-0000-0000-000000000014','44444444-0007-0000-0000-000000000007','22222222-0001-0000-0000-000000000001','sent','2026-04-12','11111111-0007-0000-0000-000000000007'),
('aaaaaaaa-po25-0000-0000-000000000025','PO-2026-025','aaaaaaaa-pj15-0000-0000-000000000015','44444444-0005-0000-0000-000000000005','22222222-0001-0000-0000-000000000001','sent','2026-04-15','11111111-0007-0000-0000-000000000007');

-- --- PRJ-016~017 POs (기획: draft) ---
INSERT INTO mm.purchase_orders (id, po_number, project_id, vendor_id, purchasing_org_id, po_status, requested_date, ordered_by) VALUES
('aaaaaaaa-po26-0000-0000-000000000026','PO-2026-026','aaaaaaaa-pj16-0000-0000-000000000016','44444444-0007-0000-0000-000000000007','22222222-0001-0000-0000-000000000001','draft',NULL,'11111111-0007-0000-0000-000000000007'),
('aaaaaaaa-po27-0000-0000-000000000027','PO-2026-027','aaaaaaaa-pj17-0000-0000-000000000017','44444444-0005-0000-0000-000000000005','22222222-0001-0000-0000-000000000001','draft',NULL,'11111111-0007-0000-0000-000000000007');


-- ============================================================
-- SECTION 3: PURCHASE ORDER ITEMS
-- ============================================================

INSERT INTO mm.purchase_order_items
  (id, po_id, line_number, parts_id, order_qty, received_qty, unit_price, planned_delivery_date, actual_delivery_date, production_type)
VALUES
-- PRJ-001 items
('aaaaaaaa-pi01-0000-0000-000000000001','aaaaaaaa-po01-0000-0000-000000000001',1,'88888888-0001-0000-0000-000000000001',100,100,15000.00,'2026-01-10','2026-01-10','purchase'),
('aaaaaaaa-pi02-0000-0000-000000000002','aaaaaaaa-po02-0000-0000-000000000002',1,'88888888-0006-0000-0000-000000000006',100,100,5000.00,'2026-01-10','2026-01-10','purchase'),
('aaaaaaaa-pi03-0000-0000-000000000003','aaaaaaaa-po02-0000-0000-000000000002',2,'88888888-0009-0000-0000-000000000009',100,100,3000.00,'2026-01-10','2026-01-10','purchase'),

-- PRJ-002 items
('aaaaaaaa-pi04-0000-0000-000000000004','aaaaaaaa-po03-0000-0000-000000000003',1,'88888888-0002-0000-0000-000000000002',200,200,12000.00,'2026-01-18','2026-01-18','purchase'),
('aaaaaaaa-pi05-0000-0000-000000000005','aaaaaaaa-po04-0000-0000-000000000004',1,'88888888-0016-0000-0000-000000000016',200,200,25000.00,'2026-01-18','2026-01-18','purchase'),
('aaaaaaaa-pi06-0000-0000-000000000006','aaaaaaaa-po03-0000-0000-000000000003',2,'88888888-0007-0000-0000-000000000007',200,200,4000.00,'2026-01-18','2026-01-18','purchase'),

-- PRJ-003 items
('aaaaaaaa-pi07-0000-0000-000000000007','aaaaaaaa-po05-0000-0000-000000000005',1,'88888888-0018-0000-0000-000000000018',150,150,18000.00,'2026-02-05','2026-02-05','purchase'),
('aaaaaaaa-pi08-0000-0000-000000000008','aaaaaaaa-po05-0000-0000-000000000005',2,'88888888-0008-0000-0000-000000000008',150,150,2500.00,'2026-02-05','2026-02-05','purchase'),
('aaaaaaaa-pi09-0000-0000-000000000009','aaaaaaaa-po06-0000-0000-000000000006',1,'88888888-0021-0000-0000-000000000021',150,150,8000.00,'2026-02-05','2026-02-05','purchase'),

-- PRJ-004 items
('aaaaaaaa-pi10-0000-0000-000000000010','aaaaaaaa-po07-0000-0000-000000000007',1,'88888888-0001-0000-0000-000000000001',300,300,14500.00,'2026-02-12','2026-02-12','purchase'),
('aaaaaaaa-pi11-0000-0000-000000000011','aaaaaaaa-po08-0000-0000-000000000008',1,'88888888-0017-0000-0000-000000000017',300,300,22000.00,'2026-02-12','2026-02-12','purchase'),
('aaaaaaaa-pi12-0000-0000-000000000012','aaaaaaaa-po09-0000-0000-000000000009',1,'88888888-0007-0000-0000-000000000007',300,300,3800.00,'2026-02-12','2026-02-12','purchase'),

-- PRJ-005 items
('aaaaaaaa-pi13-0000-0000-000000000013','aaaaaaaa-po10-0000-0000-000000000010',1,'88888888-0019-0000-0000-000000000019',500,500,30000.00,'2026-02-20','2026-02-20','purchase'),
('aaaaaaaa-pi14-0000-0000-000000000014','aaaaaaaa-po10-0000-0000-000000000010',2,'88888888-0020-0000-0000-000000000020',500,500,15000.00,'2026-02-20','2026-02-20','purchase'),
('aaaaaaaa-pi15-0000-0000-000000000015','aaaaaaaa-po11-0000-0000-000000000011',1,'88888888-0025-0000-0000-000000000025',500,500,6000.00,'2026-02-20','2026-02-20','purchase'),

-- PRJ-006~010 items (생산 중: all received)
('aaaaaaaa-pi16-0000-0000-000000000016','aaaaaaaa-po12-0000-0000-000000000012',1,'88888888-0001-0000-0000-000000000001',120,120,15000.00,'2026-03-20','2026-03-20','purchase'),
('aaaaaaaa-pi17-0000-0000-000000000017','aaaaaaaa-po13-0000-0000-000000000013',1,'88888888-0006-0000-0000-000000000006',120,120,5000.00,'2026-03-20','2026-03-20','purchase'),
('aaaaaaaa-pi18-0000-0000-000000000018','aaaaaaaa-po13-0000-0000-000000000013',2,'88888888-0017-0000-0000-000000000017',120,120,22000.00,'2026-03-20','2026-03-20','purchase'),
('aaaaaaaa-pi19-0000-0000-000000000019','aaaaaaaa-po14-0000-0000-000000000014',1,'88888888-0002-0000-0000-000000000002',80,80,12000.00,'2026-03-25','2026-03-25','purchase'),
('aaaaaaaa-pi20-0000-0000-000000000020','aaaaaaaa-po14-0000-0000-000000000014',2,'88888888-0007-0000-0000-000000000007',80,80,4000.00,'2026-03-25','2026-03-25','purchase'),
('aaaaaaaa-pi21-0000-0000-000000000021','aaaaaaaa-po14-0000-0000-000000000014',3,'88888888-0009-0000-0000-000000000009',80,80,3000.00,'2026-03-25','2026-03-25','purchase'),
('aaaaaaaa-pi22-0000-0000-000000000022','aaaaaaaa-po14-0000-0000-000000000014',4,'88888888-0021-0000-0000-000000000021',80,80,8000.00,'2026-03-25','2026-03-25','purchase'),
('aaaaaaaa-pi23-0000-0000-000000000023','aaaaaaaa-po15-0000-0000-000000000015',1,'88888888-0022-0000-0000-000000000022',60,60,35000.00,'2026-03-25','2026-03-25','purchase'),
('aaaaaaaa-pi24-0000-0000-000000000024','aaaaaaaa-po15-0000-0000-000000000015',2,'88888888-0023-0000-0000-000000000023',60,60,12000.00,'2026-03-25','2026-03-25','purchase'),
('aaaaaaaa-pi25-0000-0000-000000000025','aaaaaaaa-po15-0000-0000-000000000015',3,'88888888-0024-0000-0000-000000000024',60,60,5000.00,'2026-03-25','2026-03-25','purchase'),
('aaaaaaaa-pi26-0000-0000-000000000026','aaaaaaaa-po16-0000-0000-000000000016',1,'88888888-0001-0000-0000-000000000001',250,250,14800.00,'2026-04-01','2026-04-01','purchase'),
('aaaaaaaa-pi27-0000-0000-000000000027','aaaaaaaa-po17-0000-0000-000000000017',1,'88888888-0006-0000-0000-000000000006',250,250,4800.00,'2026-04-01','2026-04-01','purchase'),
('aaaaaaaa-pi28-0000-0000-000000000028','aaaaaaaa-po17-0000-0000-000000000017',2,'88888888-0008-0000-0000-000000000008',250,250,2500.00,'2026-04-01','2026-04-01','purchase'),
('aaaaaaaa-pi29-0000-0000-000000000029','aaaaaaaa-po18-0000-0000-000000000018',1,'88888888-0004-0000-0000-000000000004',100,100,11000.00,'2026-04-05','2026-04-05','purchase'),
('aaaaaaaa-pi30-0000-0000-000000000030','aaaaaaaa-po18-0000-0000-000000000018',2,'88888888-0010-0000-0000-000000000010',100,100,3500.00,'2026-04-05','2026-04-05','purchase'),
('aaaaaaaa-pi31-0000-0000-000000000031','aaaaaaaa-po18-0000-0000-000000000018',3,'88888888-0009-0000-0000-000000000009',100,100,3000.00,'2026-04-05','2026-04-05','purchase'),

-- PRJ-011~015 items (입고 대기: received_qty = 0)
('aaaaaaaa-pi32-0000-0000-000000000032','aaaaaaaa-po19-0000-0000-000000000019',1,'88888888-0003-0000-0000-000000000003',200,0,13000.00,'2026-05-01',NULL,'purchase'),
('aaaaaaaa-pi33-0000-0000-000000000033','aaaaaaaa-po20-0000-0000-000000000020',1,'88888888-0020-0000-0000-000000000020',200,0,15000.00,'2026-05-01',NULL,'purchase'),
('aaaaaaaa-pi34-0000-0000-000000000034','aaaaaaaa-po19-0000-0000-000000000019',2,'88888888-0007-0000-0000-000000000007',200,0,4000.00,'2026-05-01',NULL,'purchase'),
('aaaaaaaa-pi35-0000-0000-000000000035','aaaaaaaa-po21-0000-0000-000000000021',1,'88888888-0003-0000-0000-000000000003',150,0,13000.00,'2026-05-10',NULL,'purchase'),
('aaaaaaaa-pi36-0000-0000-000000000036','aaaaaaaa-po21-0000-0000-000000000021',2,'88888888-0006-0000-0000-000000000006',150,0,5000.00,'2026-05-10',NULL,'purchase'),
('aaaaaaaa-pi37-0000-0000-000000000037','aaaaaaaa-po22-0000-0000-000000000022',1,'88888888-0001-0000-0000-000000000001',180,0,15000.00,'2026-05-15',NULL,'purchase'),
('aaaaaaaa-pi38-0000-0000-000000000038','aaaaaaaa-po22-0000-0000-000000000022',2,'88888888-0006-0000-0000-000000000006',180,0,5000.00,'2026-05-15',NULL,'purchase'),
('aaaaaaaa-pi39-0000-0000-000000000039','aaaaaaaa-po23-0000-0000-000000000023',1,'88888888-0017-0000-0000-000000000017',180,0,22000.00,'2026-05-15',NULL,'purchase'),
('aaaaaaaa-pi40-0000-0000-000000000040','aaaaaaaa-po24-0000-0000-000000000024',1,'88888888-0021-0000-0000-000000000021',90,0,8000.00,'2026-05-20',NULL,'purchase'),
('aaaaaaaa-pi41-0000-0000-000000000041','aaaaaaaa-po24-0000-0000-000000000024',2,'88888888-0018-0000-0000-000000000018',90,0,18000.00,'2026-05-20',NULL,'purchase'),
('aaaaaaaa-pi42-0000-0000-000000000042','aaaaaaaa-po24-0000-0000-000000000024',3,'88888888-0025-0000-0000-000000000025',90,0,6000.00,'2026-05-20',NULL,'purchase'),
('aaaaaaaa-pi43-0000-0000-000000000043','aaaaaaaa-po25-0000-0000-000000000025',1,'88888888-0005-0000-0000-000000000005',70,0,16000.00,'2026-05-25',NULL,'purchase'),
('aaaaaaaa-pi44-0000-0000-000000000044','aaaaaaaa-po25-0000-0000-000000000025',2,'88888888-0008-0000-0000-000000000008',70,0,2500.00,'2026-05-25',NULL,'purchase'),
('aaaaaaaa-pi45-0000-0000-000000000045','aaaaaaaa-po25-0000-0000-000000000025',3,'88888888-0009-0000-0000-000000000009',70,0,3000.00,'2026-05-25',NULL,'purchase');


-- ============================================================
-- SECTION 4: GOODS RECEIPTS (PRJ-001~010 — 완료+생산 중)
-- NOTE: GR 트리거가 finance.accounting_entries 자동 생성함
-- ============================================================

INSERT INTO mm.goods_receipts
  (id, gr_number, po_id, po_item_id, parts_id, storage_bin_id,
   received_qty, accepted_qty, unit_cost, total_cost, actual_receipt_date, posting_date,
   inspection_result, received_by)
VALUES
-- PRJ-001 GRs
('aaaaaaaa-gr01-0000-0000-000000000001','GR-2026-001','aaaaaaaa-po01-0000-0000-000000000001','aaaaaaaa-pi01-0000-0000-000000000001','88888888-0001-0000-0000-000000000001','77777777-0001-0000-0000-000000000001',100,100,15000.00,1500000.00,'2026-01-10','2026-01-10','pass','11111111-0008-0000-0000-000000000008'),
('aaaaaaaa-gr02-0000-0000-000000000002','GR-2026-002','aaaaaaaa-po02-0000-0000-000000000002','aaaaaaaa-pi02-0000-0000-000000000002','88888888-0006-0000-0000-000000000006','77777777-0002-0000-0000-000000000002',100,100,5000.00,500000.00,'2026-01-10','2026-01-10','pass','11111111-0008-0000-0000-000000000008'),
('aaaaaaaa-gr03-0000-0000-000000000003','GR-2026-003','aaaaaaaa-po02-0000-0000-000000000002','aaaaaaaa-pi03-0000-0000-000000000003','88888888-0009-0000-0000-000000000009','77777777-0003-0000-0000-000000000003',100,100,3000.00,300000.00,'2026-01-10','2026-01-10','pass','11111111-0008-0000-0000-000000000008'),

-- PRJ-002 GRs
('aaaaaaaa-gr04-0000-0000-000000000004','GR-2026-004','aaaaaaaa-po03-0000-0000-000000000003','aaaaaaaa-pi04-0000-0000-000000000004','88888888-0002-0000-0000-000000000002','77777777-0004-0000-0000-000000000004',200,200,12000.00,2400000.00,'2026-01-18','2026-01-18','pass','11111111-0008-0000-0000-000000000008'),
('aaaaaaaa-gr05-0000-0000-000000000005','GR-2026-005','aaaaaaaa-po04-0000-0000-000000000004','aaaaaaaa-pi05-0000-0000-000000000005','88888888-0016-0000-0000-000000000016','77777777-0005-0000-0000-000000000005',200,200,25000.00,5000000.00,'2026-01-18','2026-01-18','pass','11111111-0008-0000-0000-000000000008'),
('aaaaaaaa-gr06-0000-0000-000000000006','GR-2026-006','aaaaaaaa-po03-0000-0000-000000000003','aaaaaaaa-pi06-0000-0000-000000000006','88888888-0007-0000-0000-000000000007','77777777-0006-0000-0000-000000000006',200,200,4000.00,800000.00,'2026-01-18','2026-01-18','pass','11111111-0008-0000-0000-000000000008'),

-- PRJ-003 GRs
('aaaaaaaa-gr07-0000-0000-000000000007','GR-2026-007','aaaaaaaa-po05-0000-0000-000000000005','aaaaaaaa-pi07-0000-0000-000000000007','88888888-0018-0000-0000-000000000018','77777777-0007-0000-0000-000000000007',150,150,18000.00,2700000.00,'2026-02-05','2026-02-05','pass','11111111-0008-0000-0000-000000000008'),
('aaaaaaaa-gr08-0000-0000-000000000008','GR-2026-008','aaaaaaaa-po05-0000-0000-000000000005','aaaaaaaa-pi08-0000-0000-000000000008','88888888-0008-0000-0000-000000000008','77777777-0008-0000-0000-000000000008',150,150,2500.00,375000.00,'2026-02-05','2026-02-05','pass','11111111-0008-0000-0000-000000000008'),
('aaaaaaaa-gr09-0000-0000-000000000009','GR-2026-009','aaaaaaaa-po06-0000-0000-000000000006','aaaaaaaa-pi09-0000-0000-000000000009','88888888-0021-0000-0000-000000000021','77777777-0009-0000-0000-000000000009',150,150,8000.00,1200000.00,'2026-02-05','2026-02-05','pass','11111111-0008-0000-0000-000000000008'),

-- PRJ-006~010 GRs (생산 중 프로젝트 — 최근 입고)
('aaaaaaaa-gr10-0000-0000-000000000010','GR-2026-010','aaaaaaaa-po12-0000-0000-000000000012','aaaaaaaa-pi16-0000-0000-000000000016','88888888-0001-0000-0000-000000000001','77777777-0001-0000-0000-000000000001',120,120,15000.00,1800000.00,'2026-03-20','2026-03-20','pass','11111111-0008-0000-0000-000000000008'),
('aaaaaaaa-gr11-0000-0000-000000000011','GR-2026-011','aaaaaaaa-po13-0000-0000-000000000013','aaaaaaaa-pi17-0000-0000-000000000017','88888888-0006-0000-0000-000000000006','77777777-0002-0000-0000-000000000002',120,120,5000.00,600000.00,'2026-03-20','2026-03-20','pass','11111111-0008-0000-0000-000000000008'),
('aaaaaaaa-gr12-0000-0000-000000000012','GR-2026-012','aaaaaaaa-po14-0000-0000-000000000014','aaaaaaaa-pi19-0000-0000-000000000019','88888888-0002-0000-0000-000000000002','77777777-0016-0000-0000-000000000016',80,80,12000.00,960000.00,'2026-03-25','2026-03-25','pass','11111111-0008-0000-0000-000000000008'),
('aaaaaaaa-gr13-0000-0000-000000000013','GR-2026-013','aaaaaaaa-po15-0000-0000-000000000015','aaaaaaaa-pi23-0000-0000-000000000023','88888888-0022-0000-0000-000000000022','77777777-0017-0000-0000-000000000017',60,60,35000.00,2100000.00,'2026-03-25','2026-03-25','pass','11111111-0008-0000-0000-000000000008'),
('aaaaaaaa-gr14-0000-0000-000000000014','GR-2026-014','aaaaaaaa-po16-0000-0000-000000000016','aaaaaaaa-pi26-0000-0000-000000000026','88888888-0001-0000-0000-000000000001','77777777-0001-0000-0000-000000000001',250,250,14800.00,3700000.00,'2026-04-01','2026-04-01','pass','11111111-0008-0000-0000-000000000008');


-- ============================================================
-- SECTION 5: PRODUCTION ORDERS (임가공 — PRJ-001~010)
-- ============================================================

INSERT INTO pp.production_orders
  (id, order_number, project_id, goods_id, bom_id, work_center_id, vendor_id,
   status, planned_start_date, planned_end_date, actual_start_date, actual_end_date,
   planned_qty, actual_qty, output_qty, cx_responsible_id)
VALUES
-- 완료된 생산 (PRJ-001~005)
('aaaaaaaa-pd01-0000-0000-000000000001','PKG-2026-001','aaaaaaaa-pj01-0000-0000-000000000001','99999999-gd01-0000-0000-000000000001','eeeeeeee-bm01-0000-0000-000000000001','ffffffff-wc01-0000-0000-000000000001','44444444-0001-0000-0000-000000000001','completed','2026-01-12','2026-01-14','2026-01-12','2026-01-14',100,100,100,'11111111-0001-0000-0000-000000000001'),
('aaaaaaaa-pd02-0000-0000-000000000002','PKG-2026-002','aaaaaaaa-pj02-0000-0000-000000000002','99999999-gd02-0000-0000-000000000002','eeeeeeee-bm02-0000-0000-000000000002','ffffffff-wc01-0000-0000-000000000001','44444444-0001-0000-0000-000000000001','completed','2026-01-20','2026-01-23','2026-01-20','2026-01-23',200,200,200,'11111111-0002-0000-0000-000000000002'),
('aaaaaaaa-pd03-0000-0000-000000000003','PKG-2026-003','aaaaaaaa-pj03-0000-0000-000000000003','99999999-gd03-0000-0000-000000000003','eeeeeeee-bm03-0000-0000-000000000003','ffffffff-wc03-0000-0000-000000000003','44444444-0003-0000-0000-000000000003','completed','2026-02-06','2026-02-08','2026-02-06','2026-02-08',150,150,150,'11111111-0003-0000-0000-000000000003'),
('aaaaaaaa-pd04-0000-0000-000000000004','PKG-2026-004','aaaaaaaa-pj04-0000-0000-000000000004',NULL,NULL,'ffffffff-wc01-0000-0000-000000000001','44444444-0001-0000-0000-000000000001','completed','2026-02-14','2026-02-18','2026-02-14','2026-02-18',300,300,300,'11111111-0004-0000-0000-000000000004'),
('aaaaaaaa-pd05-0000-0000-000000000005','PKG-2026-005','aaaaaaaa-pj05-0000-0000-000000000005',NULL,NULL,'ffffffff-wc02-0000-0000-000000000002','44444444-0002-0000-0000-000000000002','completed','2026-02-22','2026-02-28','2026-02-22','2026-02-28',500,500,500,'11111111-0005-0000-0000-000000000005'),

-- 진행 중 생산 (PRJ-006~010)
('aaaaaaaa-pd06-0000-0000-000000000006','PKG-2026-006','aaaaaaaa-pj06-0000-0000-000000000006','99999999-gd01-0000-0000-000000000001','eeeeeeee-bm01-0000-0000-000000000001','ffffffff-wc01-0000-0000-000000000001','44444444-0001-0000-0000-000000000001','in_progress','2026-03-25','2026-03-28','2026-03-25',NULL,120,60,0,'11111111-0006-0000-0000-000000000006'),
('aaaaaaaa-pd07-0000-0000-000000000007','PKG-2026-007','aaaaaaaa-pj07-0000-0000-000000000007',NULL,NULL,'ffffffff-wc03-0000-0000-000000000003','44444444-0003-0000-0000-000000000003','in_progress','2026-03-28','2026-04-01','2026-03-28',NULL,80,30,0,'11111111-0001-0000-0000-000000000001'),
('aaaaaaaa-pd08-0000-0000-000000000008','PKG-2026-008','aaaaaaaa-pj08-0000-0000-000000000008',NULL,NULL,'ffffffff-wc01-0000-0000-000000000001','44444444-0001-0000-0000-000000000001','released','2026-04-01','2026-04-03',NULL,NULL,60,0,0,'11111111-0002-0000-0000-000000000002'),
('aaaaaaaa-pd09-0000-0000-000000000009','PKG-2026-009','aaaaaaaa-pj09-0000-0000-000000000009',NULL,NULL,'ffffffff-wc02-0000-0000-000000000002','44444444-0002-0000-0000-000000000002','in_progress','2026-04-05','2026-04-10','2026-04-05',NULL,250,100,0,'11111111-0003-0000-0000-000000000003'),
('aaaaaaaa-pd10-0000-0000-000000000010','PKG-2026-010','aaaaaaaa-pj10-0000-0000-000000000010',NULL,NULL,'ffffffff-wc01-0000-0000-000000000001','44444444-0001-0000-0000-000000000001','planned','2026-04-15','2026-04-18',NULL,NULL,100,0,0,'11111111-0004-0000-0000-000000000004');


-- ============================================================
-- SECTION 6: TRANSPORTATION (PRJ-001~005 — 배송 완료)
-- ============================================================

INSERT INTO tms.transportation_requirements
  (id, tr_number, project_id, origin_location_id, requested_shipment_date,
   delivery_type, recipient_name, recipient_address, status, created_by)
VALUES
('aaaaaaaa-tr01-0000-0000-000000000001','TR-2026-001','aaaaaaaa-pj01-0000-0000-000000000001','ffffffff-lc01-0000-0000-000000000001','2026-01-15','direct','STCLab 총무팀','서울시 강남구 테헤란로 123','completed','11111111-0008-0000-0000-000000000008'),
('aaaaaaaa-tr02-0000-0000-000000000002','TR-2026-002','aaaaaaaa-pj02-0000-0000-000000000002','ffffffff-lc01-0000-0000-000000000001','2026-01-25','courier','한글과컴퓨터 인사팀','경기도 성남시 분당구 정자로 45','completed','11111111-0008-0000-0000-000000000008'),
('aaaaaaaa-tr03-0000-0000-000000000003','TR-2026-003','aaaaaaaa-pj03-0000-0000-000000000003','ffffffff-lc02-0000-0000-000000000002','2026-02-10','direct','롯데이노베이트 HR팀','서울시 송파구 올림픽로 300','completed','11111111-0008-0000-0000-000000000008'),
('aaaaaaaa-tr04-0000-0000-000000000004','TR-2026-004','aaaaaaaa-pj04-0000-0000-000000000004','ffffffff-lc01-0000-0000-000000000001','2026-02-20','direct','삼성SDS 이벤트팀','서울시 강남구 삼성로 25','completed','11111111-0008-0000-0000-000000000008'),
('aaaaaaaa-tr05-0000-0000-000000000005','TR-2026-005','aaaaaaaa-pj05-0000-0000-000000000005','ffffffff-lc01-0000-0000-000000000001','2026-03-01','relay','네이버 개발자행사팀','경기도 성남시 분당구 불정로 6','completed','11111111-0008-0000-0000-000000000008');

INSERT INTO tms.freight_orders
  (id, fo_number, tr_id, carrier_id, origin_location_id,
   planned_shipment_date, confirmed_shipment_date,
   actual_departure_datetime, actual_arrival_datetime,
   shipping_status, total_cbm, freight_cost, tracking_number, created_by)
VALUES
('aaaaaaaa-fo01-0000-0000-000000000001','FO-2026-001','aaaaaaaa-tr01-0000-0000-000000000001','dddddddd-cr03-0000-0000-000000000003','ffffffff-lc01-0000-0000-000000000001','2026-01-15','2026-01-15','2026-01-15 09:00:00+09','2026-01-15 14:00:00+09','delivered',3.500,150000.00,'TRK-001','11111111-0008-0000-0000-000000000008'),
('aaaaaaaa-fo02-0000-0000-000000000002','FO-2026-002','aaaaaaaa-tr02-0000-0000-000000000002','dddddddd-cr01-0000-0000-000000000001','ffffffff-lc01-0000-0000-000000000001','2026-01-25','2026-01-25','2026-01-25 10:00:00+09','2026-01-26 15:00:00+09','delivered',7.200,280000.00,'630012345678','11111111-0008-0000-0000-000000000008'),
('aaaaaaaa-fo03-0000-0000-000000000003','FO-2026-003','aaaaaaaa-tr03-0000-0000-000000000003','dddddddd-cr03-0000-0000-000000000003','ffffffff-lc02-0000-0000-000000000002','2026-02-10','2026-02-10','2026-02-10 08:30:00+09','2026-02-10 12:00:00+09','delivered',5.000,180000.00,'TRK-003','11111111-0008-0000-0000-000000000008'),
('aaaaaaaa-fo04-0000-0000-000000000004','FO-2026-004','aaaaaaaa-tr04-0000-0000-000000000004','dddddddd-cr03-0000-0000-000000000003','ffffffff-lc01-0000-0000-000000000001','2026-02-20','2026-02-20','2026-02-20 07:00:00+09','2026-02-20 11:00:00+09','delivered',12.500,350000.00,'TRK-004','11111111-0008-0000-0000-000000000008'),
('aaaaaaaa-fo05-0000-0000-000000000005','FO-2026-005','aaaaaaaa-tr05-0000-0000-000000000005','dddddddd-cr02-0000-0000-000000000002','ffffffff-lc01-0000-0000-000000000001','2026-03-01','2026-03-01','2026-03-01 08:00:00+09','2026-03-01 16:00:00+09','delivered',18.000,550000.00,'560098765432','11111111-0008-0000-0000-000000000008');


-- ============================================================
-- SECTION 7: INITIAL QUANTS (기초재고 — 수동 설정)
-- 트리거가 GR INSERT 시 자동 갱신하지만,
-- seed에서는 GR INSERT 시 트리거가 실행 안 될 수 있으므로 수동 설정
-- ============================================================

INSERT INTO wms.quants
  (parts_id, storage_bin_id, stock_type, system_qty, physical_qty)
VALUES
-- 에이원물류센터(WH001) zone A
('88888888-0001-0000-0000-000000000001','77777777-0001-0000-0000-000000000001','unrestricted',170,170),  -- 스테인리스 텀블러 (PRJ-001:100 + PRJ-006:120 - 출고:50)
('88888888-0002-0000-0000-000000000002','77777777-0004-0000-0000-000000000004','unrestricted',80,80),    -- 보온 텀블러 (PRJ-007:80)
('88888888-0006-0000-0000-000000000006','77777777-0002-0000-0000-000000000002','unrestricted',120,120),  -- A5 다이어리 (PRJ-006:120)
('88888888-0007-0000-0000-000000000007','77777777-0006-0000-0000-000000000006','unrestricted',80,80),    -- B5 노트
('88888888-0008-0000-0000-000000000008','77777777-0008-0000-0000-000000000008','unrestricted',250,250),  -- 포스트잇
('88888888-0009-0000-0000-000000000009','77777777-0003-0000-0000-000000000003','unrestricted',180,180),  -- 볼펜 세트
('88888888-0010-0000-0000-000000000010','77777777-0010-0000-0000-000000000010','unrestricted',100,100),  -- 북마크 카드
('88888888-0016-0000-0000-000000000016','77777777-0005-0000-0000-000000000005','unrestricted',0,0),      -- 무선이어폰 (전량 출고됨)
('88888888-0017-0000-0000-000000000017','77777777-0011-0000-0000-000000000011','unrestricted',120,120),  -- USB-C 멀티허브
('88888888-0018-0000-0000-000000000018','77777777-0007-0000-0000-000000000007','unrestricted',0,0),      -- 무선충전패드 (전량 출고)
('88888888-0019-0000-0000-000000000019','77777777-0012-0000-0000-000000000012','unrestricted',0,0),      -- BT스피커 (전량 출고)
('88888888-0020-0000-0000-000000000020','77777777-0013-0000-0000-000000000013','unrestricted',0,0),      -- 보조배터리 (전량 출고)
('88888888-0021-0000-0000-000000000021','77777777-0009-0000-0000-000000000009','unrestricted',80,80),    -- 에코백
('88888888-0022-0000-0000-000000000022','77777777-0014-0000-0000-000000000014','unrestricted',60,60),    -- 피규어
('88888888-0023-0000-0000-000000000023','77777777-0015-0000-0000-000000000015','unrestricted',60,60),    -- 클립보드
('88888888-0024-0000-0000-000000000024','77777777-0011-0000-0000-000000000011','unrestricted',60,60),    -- 케이블홀더
('88888888-0025-0000-0000-000000000025','77777777-0010-0000-0000-000000000010','unrestricted',0,0),      -- 미니카렌더 (전량 출고)
('88888888-0004-0000-0000-000000000004','77777777-0003-0000-0000-000000000003','unrestricted',100,100),  -- 플라스틱 텀블러
('88888888-0005-0000-0000-000000000005','77777777-0004-0000-0000-000000000004','unrestricted',0,0),      -- 대나무 텀블러 (전량 출고)
-- 신시어리자체창고(WH002) zone B
('88888888-0011-0000-0000-000000000011','77777777-0016-0000-0000-000000000016','unrestricted',50,50),    -- 크라프트 박스 (소)
('88888888-0012-0000-0000-000000000012','77777777-0017-0000-0000-000000000017','unrestricted',30,30),    -- 크라프트 박스 (중)
('88888888-0013-0000-0000-000000000013','77777777-0018-0000-0000-000000000018','unrestricted',200,200),  -- 에어캡
('88888888-0014-0000-0000-000000000014','77777777-0019-0000-0000-000000000019','unrestricted',15,15),    -- 리본 포장끈
('88888888-0015-0000-0000-000000000015','77777777-0020-0000-0000-000000000020','unrestricted',80,80);    -- OPP 봉투


-- ============================================================
-- SECTION 8: 재고 예외 케이스 프로젝트 (PRJ-021~025)
-- 실무에서 발생하는 재고 불일치 시나리오 테스트용
-- ============================================================

-- ────────────────────────────────────────────
-- PRJ-021: 추가 사용 (발주 200 < 실사용 220)
-- 시나리오: 텀블러 200개 발주/입고 완료 → 임가공에 220개 투입됨 (20개 초과)
-- 결과: 해당 파츠 quant -20 (음수재고)
-- ────────────────────────────────────────────
INSERT INTO shared.projects (id, project_code, project_name, client_id, project_status, main_usage, cx_specialist_id)
VALUES ('aaaaaaaa-pj21-0000-0000-000000000021','PRJ-2026-021','실버포트 연말 키트 200세트 (추가사용 이슈)',
        '33333333-0006-0000-0000-000000000006','active','연말 선물','11111111-0005-0000-0000-000000000005');

INSERT INTO mm.purchase_orders (id, po_number, project_id, vendor_id, purchasing_org_id, po_status, requested_date, ordered_by)
VALUES ('aaaaaaaa-po28-0000-0000-000000000028','PO-2026-028','aaaaaaaa-pj21-0000-0000-000000000021','44444444-0005-0000-0000-000000000005','22222222-0001-0000-0000-000000000001','received','2026-03-01','11111111-0007-0000-0000-000000000007');

INSERT INTO mm.purchase_order_items (id, po_id, line_number, parts_id, order_qty, received_qty, unit_price, planned_delivery_date, actual_delivery_date)
VALUES ('aaaaaaaa-pi46-0000-0000-000000000046','aaaaaaaa-po28-0000-0000-000000000028',1,'88888888-0003-0000-0000-000000000003',200,200,13000.00,'2026-03-08','2026-03-08');

INSERT INTO mm.goods_receipts (id, gr_number, po_id, po_item_id, parts_id, storage_bin_id, received_qty, accepted_qty, unit_cost, total_cost, actual_receipt_date, posting_date, inspection_result, received_by)
VALUES ('aaaaaaaa-gr15-0000-0000-000000000015','GR-2026-015','aaaaaaaa-po28-0000-0000-000000000028','aaaaaaaa-pi46-0000-0000-000000000046','88888888-0003-0000-0000-000000000003','77777777-0005-0000-0000-000000000005',200,200,13000.00,2600000.00,'2026-03-08','2026-03-08','pass','11111111-0008-0000-0000-000000000008');

-- 생산오더: 200세트 계획이었으나 실제 220개 투입됨
INSERT INTO pp.production_orders (id, order_number, project_id, work_center_id, vendor_id, status, planned_start_date, actual_start_date, planned_qty, actual_qty, output_qty, cx_responsible_id)
VALUES ('aaaaaaaa-pd11-0000-0000-000000000011','PKG-2026-011','aaaaaaaa-pj21-0000-0000-000000000021','ffffffff-wc01-0000-0000-000000000001','44444444-0001-0000-0000-000000000001','in_progress','2026-03-10','2026-03-10',200,220,200,'11111111-0005-0000-0000-000000000005');

-- stock_movement: 220개 투입 (원래 200 + 추가 20)
INSERT INTO mm.stock_movements (id, movement_number, movement_type, sap_movement_code, parts_id, from_bin_id, actual_qty, actual_date, posting_date, status, production_order_id, reference_doc_type, unit_cost_at_movement, total_cost, created_by)
VALUES ('aaaaaaaa-sm01-0000-0000-000000000001','SM-2026-001','261','261','88888888-0003-0000-0000-000000000003','77777777-0005-0000-0000-000000000005',220,'2026-03-12','2026-03-12','completed','aaaaaaaa-pd11-0000-0000-000000000011','production_order',13000.00,2860000.00,'11111111-0008-0000-0000-000000000008');

-- quant: 200 입고 - 220 투입 = -20 (음수재고!)
INSERT INTO wms.quants (parts_id, storage_bin_id, stock_type, system_qty, physical_qty)
VALUES ('88888888-0003-0000-0000-000000000003','77777777-0005-0000-0000-000000000005','unrestricted',-20,-20);


-- ────────────────────────────────────────────
-- PRJ-022: 입고 수량 불일치 + 불량 반품
-- 시나리오: 150개 발주 → 140개만 도착(10개 부족) → 검수에서 5개 불량 → 5개 반품
-- 결과: 실사용 가능 135개, 반품 오더 존재
-- ────────────────────────────────────────────
INSERT INTO shared.projects (id, project_code, project_name, client_id, project_status, main_usage, cx_specialist_id)
VALUES ('aaaaaaaa-pj22-0000-0000-000000000022','PRJ-2026-022','백패커 봄 프로모션 키트 (입고 불일치)',
        '33333333-0009-0000-0000-000000000009','active','봄 프로모션','11111111-0006-0000-0000-000000000006');

INSERT INTO mm.purchase_orders (id, po_number, project_id, vendor_id, purchasing_org_id, po_status, requested_date, ordered_by)
VALUES ('aaaaaaaa-po29-0000-0000-000000000029','PO-2026-029','aaaaaaaa-pj22-0000-0000-000000000022','44444444-0008-0000-0000-000000000008','22222222-0001-0000-0000-000000000001','partial_received','2026-03-05','11111111-0007-0000-0000-000000000007');

INSERT INTO mm.purchase_order_items (id, po_id, line_number, parts_id, order_qty, received_qty, unit_price, planned_delivery_date, actual_delivery_date)
VALUES ('aaaaaaaa-pi47-0000-0000-000000000047','aaaaaaaa-po29-0000-0000-000000000029',1,'88888888-0019-0000-0000-000000000019',150,140,30000.00,'2026-03-12','2026-03-12');

-- GR: 140개만 입고 (10개 부족), 그 중 5개 불량
INSERT INTO mm.goods_receipts (id, gr_number, po_id, po_item_id, parts_id, storage_bin_id, received_qty, accepted_qty, rejected_qty, unit_cost, total_cost, actual_receipt_date, posting_date, inspection_result, received_by)
VALUES ('aaaaaaaa-gr16-0000-0000-000000000016','GR-2026-016','aaaaaaaa-po29-0000-0000-000000000029','aaaaaaaa-pi47-0000-0000-000000000047','88888888-0019-0000-0000-000000000019','77777777-0012-0000-0000-000000000012',140,135,5,30000.00,4200000.00,'2026-03-12','2026-03-12','conditional','11111111-0008-0000-0000-000000000008');

-- 품질 검사 기록
INSERT INTO mm.quality_inspections (id, inspection_number, gr_id, parts_id, inspection_type, sample_size, accepted_qty, rejected_qty, defect_codes, result, decision, decision_date, inspector_id, notes)
VALUES ('aaaaaaaa-qi01-0000-0000-000000000001','QI-2026-001','aaaaaaaa-gr16-0000-0000-000000000016','88888888-0019-0000-0000-000000000019','incoming',140,135,5,ARRAY['cosmetic_damage','functionality_fail'],'conditional','accept_partial','2026-03-12','11111111-0008-0000-0000-000000000008','5개 외관 손상 + 기능 불량. 135개만 입고 처리, 5개 반품 진행');

-- 불량 5개 반품 오더
INSERT INTO mm.return_orders (id, return_number, direction, original_doc_type, original_doc_id, parts_id, return_qty, reason_code, disposition, status, requested_date, created_by)
VALUES ('aaaaaaaa-rt01-0000-0000-000000000001','RET-2026-001','vendor','gr','aaaaaaaa-gr16-0000-0000-000000000016','88888888-0019-0000-0000-000000000019',5,'quality_fail','replace','shipped','2026-03-13','11111111-0008-0000-0000-000000000008');

INSERT INTO wms.quants (parts_id, storage_bin_id, stock_type, system_qty, physical_qty)
VALUES ('88888888-0019-0000-0000-000000000019','77777777-0012-0000-0000-000000000012','unrestricted',135,135);


-- ────────────────────────────────────────────
-- PRJ-023: 고객 반품 (오배송)
-- 시나리오: 100세트 배송 완료 → 고객이 10세트 반품 (구성 오류)
-- 결과: 10개 재입고 (movement_type 161)
-- ────────────────────────────────────────────
INSERT INTO shared.projects (id, project_code, project_name, client_id, project_status, main_usage, first_shipment_date, cx_specialist_id)
VALUES ('aaaaaaaa-pj23-0000-0000-000000000023','PRJ-2026-023','엘티디 입사키트 100세트 (고객 반품)',
        '33333333-0011-0000-0000-000000000011','active','입사키트','2026-02-15','11111111-0001-0000-0000-000000000001');

INSERT INTO mm.purchase_orders (id, po_number, project_id, vendor_id, purchasing_org_id, po_status, requested_date, ordered_by)
VALUES ('aaaaaaaa-po30-0000-0000-000000000030','PO-2026-030','aaaaaaaa-pj23-0000-0000-000000000023','44444444-0006-0000-0000-000000000006','22222222-0001-0000-0000-000000000001','closed','2026-02-01','11111111-0007-0000-0000-000000000007');

INSERT INTO mm.purchase_order_items (id, po_id, line_number, parts_id, order_qty, received_qty, unit_price, planned_delivery_date, actual_delivery_date)
VALUES ('aaaaaaaa-pi48-0000-0000-000000000048','aaaaaaaa-po30-0000-0000-000000000030',1,'88888888-0006-0000-0000-000000000006',100,100,5000.00,'2026-02-08','2026-02-08');

INSERT INTO mm.goods_receipts (id, gr_number, po_id, po_item_id, parts_id, storage_bin_id, received_qty, accepted_qty, unit_cost, total_cost, actual_receipt_date, posting_date, inspection_result, received_by)
VALUES ('aaaaaaaa-gr17-0000-0000-000000000017','GR-2026-017','aaaaaaaa-po30-0000-0000-000000000030','aaaaaaaa-pi48-0000-0000-000000000048','88888888-0006-0000-0000-000000000006','77777777-0002-0000-0000-000000000002',100,100,5000.00,500000.00,'2026-02-08','2026-02-08','pass','11111111-0008-0000-0000-000000000008');

-- 출고 100개 (고객 배송)
INSERT INTO mm.stock_movements (id, movement_number, movement_type, sap_movement_code, parts_id, from_bin_id, actual_qty, actual_date, posting_date, status, reference_doc_type, unit_cost_at_movement, total_cost, created_by)
VALUES ('aaaaaaaa-sm02-0000-0000-000000000002','SM-2026-002','601','601','88888888-0006-0000-0000-000000000006','77777777-0002-0000-0000-000000000002',100,'2026-02-15','2026-02-15','completed','transport_requirement',5000.00,500000.00,'11111111-0008-0000-0000-000000000008');

-- 고객 반품 10개 (재입고)
INSERT INTO mm.stock_movements (id, movement_number, movement_type, sap_movement_code, parts_id, to_bin_id, actual_qty, actual_date, posting_date, status, reference_doc_type, unit_cost_at_movement, total_cost, created_by)
VALUES ('aaaaaaaa-sm03-0000-0000-000000000003','SM-2026-003','161','161','88888888-0006-0000-0000-000000000006','77777777-0002-0000-0000-000000000002',10,'2026-02-25','2026-02-25','completed','return_order',5000.00,50000.00,'11111111-0008-0000-0000-000000000008');

-- 반품 오더
INSERT INTO mm.return_orders (id, return_number, direction, original_doc_type, parts_id, return_qty, reason_code, disposition, status, requested_date, completed_date, created_by)
VALUES ('aaaaaaaa-rt02-0000-0000-000000000002','RET-2026-002','customer','freight_order','88888888-0006-0000-0000-000000000006',10,'wrong_item','restock','received','2026-02-20','2026-02-25','11111111-0001-0000-0000-000000000001');

-- quant: 100 입고 - 100 출고 + 10 반품 = 10
INSERT INTO wms.quants (parts_id, storage_bin_id, stock_type, system_qty, physical_qty)
VALUES ('88888888-0006-0000-0000-000000000006','77777777-0002-0000-0000-000000000002','unrestricted',10,10);


-- ────────────────────────────────────────────
-- PRJ-024: 재고실사 차이 (전산 80 vs 실물 73, 차이 -7)
-- 시나리오: 월말 재고실사에서 포스트잇 전산 80개 → 실제 73개 (7개 분실)
-- 결과: 실사 문서 + 조정 승인 + 702 movement
-- ────────────────────────────────────────────
INSERT INTO shared.projects (id, project_code, project_name, client_id, project_status, main_usage, cx_specialist_id)
VALUES ('aaaaaaaa-pj24-0000-0000-000000000024','PRJ-2026-024','올릿 사무용품 키트 (실사 차이 발생)',
        '33333333-0025-0000-0000-000000000025','active','사무용품','11111111-0003-0000-0000-000000000003');

-- 실사 문서
INSERT INTO wms.inventory_count_docs (id, doc_number, count_name, count_type, warehouse_id, planned_date, completed_date, status, created_by)
VALUES ('aaaaaaaa-ic01-0000-0000-000000000001','PI-2026-001','3월 정기 재고실사','cycle','55555555-0001-0000-0000-000000000001','2026-03-28','2026-03-28','completed','11111111-0008-0000-0000-000000000008');

-- 실사 항목: 포스트잇 전산 80, 실물 73 → 차이 -7
INSERT INTO wms.inventory_count_items (id, doc_id, parts_id, storage_bin_id, book_qty, count_qty_1st, count_qty_2nd, final_count_qty, difference, difference_type, sap_movement_type, adjustment_approved, approved_by, counted_by, counted_at, processed_at)
VALUES ('aaaaaaaa-ci01-0000-0000-000000000001','aaaaaaaa-ic01-0000-0000-000000000001','88888888-0008-0000-0000-000000000008','77777777-0008-0000-0000-000000000008',80,74,73,73,-7,'shortage','702',TRUE,'11111111-0007-0000-0000-000000000007','11111111-0008-0000-0000-000000000008','2026-03-28 15:00:00+09','2026-03-28 17:00:00+09');

-- 추가 실사 항목: 볼펜 전산 180, 실물 183 → 차이 +3 (과잉)
INSERT INTO wms.inventory_count_items (id, doc_id, parts_id, storage_bin_id, book_qty, count_qty_1st, final_count_qty, difference, difference_type, sap_movement_type, adjustment_approved, approved_by, counted_by, counted_at, processed_at)
VALUES ('aaaaaaaa-ci02-0000-0000-000000000002','aaaaaaaa-ic01-0000-0000-000000000001','88888888-0009-0000-0000-000000000009','77777777-0003-0000-0000-000000000003',180,183,183,3,'surplus','701',TRUE,'11111111-0007-0000-0000-000000000007','11111111-0008-0000-0000-000000000008','2026-03-28 15:30:00+09','2026-03-28 17:00:00+09');

-- 조정 movement: 포스트잇 -7 (702: 실사 부족)
INSERT INTO mm.stock_movements (id, movement_number, movement_type, sap_movement_code, parts_id, from_bin_id, actual_qty, actual_date, posting_date, status, reference_doc_type, unit_cost_at_movement, total_cost, created_by)
VALUES ('aaaaaaaa-sm04-0000-0000-000000000004','SM-2026-004','702','702','88888888-0008-0000-0000-000000000008','77777777-0008-0000-0000-000000000008',7,'2026-03-28','2026-03-28','completed','inventory_count',2500.00,17500.00,'11111111-0008-0000-0000-000000000008');

-- 조정 movement: 볼펜 +3 (701: 실사 과잉)
INSERT INTO mm.stock_movements (id, movement_number, movement_type, sap_movement_code, parts_id, to_bin_id, actual_qty, actual_date, posting_date, status, reference_doc_type, unit_cost_at_movement, total_cost, created_by)
VALUES ('aaaaaaaa-sm05-0000-0000-000000000005','SM-2026-005','701','701','88888888-0009-0000-0000-000000000009','77777777-0003-0000-0000-000000000003',3,'2026-03-28','2026-03-28','completed','inventory_count',3000.00,9000.00,'11111111-0008-0000-0000-000000000008');


-- ────────────────────────────────────────────
-- PRJ-025: 긴급 추가발주 + 창고간 이동
-- 시나리오: 100개 발주 완료 → 고객이 50개 추가 → WH002에서 30개 이동 + 20개 긴급발주
-- 결과: 301 transfer + 2차 PO
-- ────────────────────────────────────────────
INSERT INTO shared.projects (id, project_code, project_name, client_id, project_status, main_usage, first_shipment_date, cx_specialist_id)
VALUES ('aaaaaaaa-pj25-0000-0000-000000000025','PRJ-2026-025','프리비알 VIP 이벤트 150세트 (긴급추가)',
        '33333333-0017-0000-0000-000000000017','active','VIP 이벤트','2026-04-01','11111111-0004-0000-0000-000000000004');

-- 1차 PO: 100개 (완료)
INSERT INTO mm.purchase_orders (id, po_number, project_id, vendor_id, purchasing_org_id, po_status, requested_date, ordered_by)
VALUES ('aaaaaaaa-po31-0000-0000-000000000031','PO-2026-031','aaaaaaaa-pj25-0000-0000-000000000025','44444444-0005-0000-0000-000000000005','22222222-0001-0000-0000-000000000001','closed','2026-03-10','11111111-0007-0000-0000-000000000007');

INSERT INTO mm.purchase_order_items (id, po_id, line_number, parts_id, order_qty, received_qty, unit_price, planned_delivery_date, actual_delivery_date)
VALUES ('aaaaaaaa-pi49-0000-0000-000000000049','aaaaaaaa-po31-0000-0000-000000000031',1,'88888888-0004-0000-0000-000000000004',100,100,11000.00,'2026-03-18','2026-03-18');

INSERT INTO mm.goods_receipts (id, gr_number, po_id, po_item_id, parts_id, storage_bin_id, received_qty, accepted_qty, unit_cost, total_cost, actual_receipt_date, posting_date, inspection_result, received_by)
VALUES ('aaaaaaaa-gr18-0000-0000-000000000018','GR-2026-018','aaaaaaaa-po31-0000-0000-000000000031','aaaaaaaa-pi49-0000-0000-000000000049','88888888-0004-0000-0000-000000000004','77777777-0001-0000-0000-000000000001',100,100,11000.00,1100000.00,'2026-03-18','2026-03-18','pass','11111111-0008-0000-0000-000000000008');

-- 2차 긴급 PO: 20개 (고객 추가 요청 50개 중 20개)
INSERT INTO mm.purchase_orders (id, po_number, project_id, vendor_id, purchasing_org_id, po_status, requested_date, ordered_by)
VALUES ('aaaaaaaa-po32-0000-0000-000000000032','PO-2026-032','aaaaaaaa-pj25-0000-0000-000000000025','44444444-0005-0000-0000-000000000005','22222222-0001-0000-0000-000000000001','confirmed','2026-03-25','11111111-0007-0000-0000-000000000007');

INSERT INTO mm.purchase_order_items (id, po_id, line_number, parts_id, order_qty, received_qty, unit_price, planned_delivery_date, is_urgent)
VALUES ('aaaaaaaa-pi50-0000-0000-000000000050','aaaaaaaa-po32-0000-0000-000000000032',1,'88888888-0004-0000-0000-000000000004',20,0,11500.00,'2026-04-05',TRUE);

-- 창고간 이동: WH002→WH001 30개 (나머지 50-20=30개는 다른 창고에서 가져옴)
INSERT INTO mm.stock_movements (id, movement_number, movement_type, sap_movement_code, parts_id, from_bin_id, to_bin_id, actual_qty, actual_date, posting_date, status, reference_doc_type, unit_cost_at_movement, total_cost, created_by)
VALUES ('aaaaaaaa-sm06-0000-0000-000000000006','SM-2026-006','301','301','88888888-0004-0000-0000-000000000004','77777777-0003-0000-0000-000000000003','77777777-0001-0000-0000-000000000001',30,'2026-03-26','2026-03-26','completed','stock_transfer',11000.00,330000.00,'11111111-0008-0000-0000-000000000008');

-- 예약: 나머지 물량에 대한 reservation
INSERT INTO mm.reservations (id, reservation_number, parts_id, storage_bin_id, requirement_qty, withdrawn_qty, movement_type, project_id, source_doc_type, status, requirement_date, created_by)
VALUES ('aaaaaaaa-rv01-0000-0000-000000000001','RSV-2026-001','88888888-0004-0000-0000-000000000004','77777777-0001-0000-0000-000000000001',150,100,'261','aaaaaaaa-pj25-0000-0000-000000000025','project','partially_withdrawn','2026-04-01','11111111-0007-0000-0000-000000000007');


COMMIT;
