PT코드,차단단위수,sincerely_규격,차원수,분류,예시_굿즈명
PT4432,54,75x105,2,2D_파서필요,브랜디드피규어
PT1492,30,128x202,2,2D_파서필요,브릭메모&캘린더스탠드
PT2373,18,130x190,2,2D_파서필요,데코스티커
PT4028,17,340x435,2,2D_파서필요,데일리짐색(키트)
PT0851,16,290x205,2,2D_파서필요,로고스트랩파우치(키트)
PT4745,15,1000x200,2,2D_파서필요,임팩트슬로건타월
PT4520,15,100x155,2,2D_파서필요,브릭메모&캘린더스탠드
PT4363,14,276x200(펼침면기준),2,2D_파서필요,풀커버스티치노트(300개이하)
PT4473,13,24x16,2,2D_파서필요,브랜디드피규어키링
PT4366,13,276x200(펼침면기준),2,2D_파서필요,풀커버스티치노트(300개이하)
PT4030,13,340x435,2,2D_파서필요,데일리짐색(키트)
PT5134,12,95x15,2,2D_파서필요,커넥트6in1케이블키트
PT2352,12,247x217x93 펼침 339*637,5,3D_즉시,Quality슬리브박스
PT0879,12,265x65,2,2D_파서필요,매트블랙텀블러
PT2911,11,385x290,2,2D_파서필요,하이킹폴딩방석
PT1676,11,"300x300x145
(크로스 스트랩
:30x138)",5,3D_즉시,톤앤톤쿨러백(단품)
PT1130,11,200x87,2,2D_파서필요,스타일수면안대
PT1677,10,최대220x185,2,2D_파서필요,톤앤톤쿨러백(단품)
PT1029,10,80x81 펼침 81*168,4,3D_즉시,브랜드-잇
PT1027,10,80x81 펼침 81*168,4,3D_즉시,브랜드-잇
PT5222,9,"100 x 175 mm
접었을때 100 x 140mm",4,3D_즉시,아이덴티티스티커팩
PT4569,9,76x163,2,2D_파서필요,브랜드팝클리어키링
PT5260,8,Ø85 x H138 mm (용량 475ml),3,3D_즉시,컴포트스텐머그
PT5256,8,Ø81 x H166 mm (용량 473ml),3,3D_즉시,스테이텀블러
PT5228,8,90x130mm,2,2D_파서필요,브릭메모&캘린더스탠드
PT5223,8,110x160+40mm,3,3D_즉시,아이덴티티스티커팩
PT4601,8,백 310x490mm/ 포켓 60x70mm(고리제외),4,3D_즉시,포켓마켓백
PT4568,8,최대 50x70mm,2,2D_파서필요,브랜드팝클리어키링
PT4472,8,16x16,2,2D_파서필요,브랜디드피규어키링
PT4106,8,70x108,2,2D_파서필요,홀리데이네임택
PT1452,8,230x190,2,2D_파서필요,오피스마우스패드(스탠다드)
PT5135,7,95x15,2,2D_파서필요,커넥트6in1케이블키트
PT4885,7,부품별로 상이,0,기타,챔피언피규어트로피
PT4365,7,276x200(펼침면기준),2,2D_파서필요,풀커버스티치노트(300개초과)
PT4029,7,340x435,2,2D_파서필요,데일리짐색(키트)
PT3162,7,베이직 라운드 티셔츠,0,기타,포시즌 티셔츠
PT2056,7,780x300x4T,3,3D_즉시,데스크테리어매트(기본형)
PT0701,7,90x90+40,3,3D_즉시,그립잇
PT0699,7,79X79,2,2D_파서필요,그립잇
PT5235,6,80x130mm,2,2D_파서필요,미니어처NFC키링
PT5233,6,69x110mm,2,2D_파서필요,미니어처NFC키링
PT4471,6,16x8,2,2D_파서필요,브랜디드피규어키링
PT4367,6,276x200(펼침면기준),2,2D_파서필요,풀커버스티치노트(300개초과)
PT3215,6,베이직 라운드 티셔츠,0,기타,포시즌 티셔츠
PT1715,6,80x80  펼침 110*195,4,3D_즉시,페이퍼샤쉐
PT1360,6,20x20이내,2,2D_파서필요,애드온 뱃지 [1]
PT0864,6,202x95x77,3,3D_즉시,릴리프눈마사지기
PT0776,6,138x200mm,2,2D_파서필요,디자이너노트
PT5220,5,최대 80 x 80 mm,2,2D_파서필요,아이덴티티스티커팩
PT4724,5,160x140x60,3,3D_즉시,오아시스미니마사지건
PT3927,5,106x207x36,3,3D_즉시,스탠딩 휴대용 선풍기
PT3184,5,(압축후)300x200x25,3,3D_즉시,더블업트래블파우치(Small)_단품
PT1809,5,76x101,2,2D_파서필요,플레인USB
PT1720,5,1000x750,2,2D_파서필요,포시즌블랭킷(무릎담요)
PT1512,5,185x75x60,3,3D_즉시,유니크디퓨저[1]
PT0865,5,203x133x95,3,3D_즉시,릴리프눈마사지기
PT0775,5,138x200mm,2,2D_파서필요,디자이너노트
PT0617,5,252x210x95  펼침645*703,5,3D_즉시,Solid커스텀G형박스(L사이즈)
PT5286,4,250 × 370 × 25mm,3,3D_즉시,모바일오피스파우치2.0
PT4900,4,80x100x9mm / 받침대 90x50mm,5,3D_즉시,심볼아크릴트로피
PT4796,4,84x89(mm),2,2D_파서필요,밀크에코컵
PT2936,4,370x25,2,2D_파서필요,Tailored스트랩박스
PT2366,4,217x247x93 펼침 339*637,5,3D_즉시,Quality슬리브박스
PT2126,4,40x7,2,2D_파서필요,스타트씨드키트
PT2121,4,19x7,2,2D_파서필요,스타트씨드키트
PT1760,4,120x90+40,3,3D_즉시,프라우드투톤명함지갑(레디메이드)
PT1742,4,138x200,2,2D_파서필요,풀커버스프링노트
PT1644,4,195x115x52,3,3D_즉시,에디션골프공6구
PT1457,4,240x210,2,2D_파서필요,오피스마우스패드(스탠다드)
PT1135,4,100x240+40,3,3D_즉시,스타일수면안대
PT1134,4,150x235,2,2D_파서필요,스타일수면안대
PT0854,4,헤드 : 122x17mm,2,2D_파서필요,리유저블캘린더
PT5355,3,25x3.5,2,2D_파서필요,하우스 핸드타월
PT5257,3,Ø81 x H166 mm (용량 473ml),3,3D_즉시,스테이텀블러
PT5199,3,"세트만 조립 완료기준
144×32×45mm (메모패드, 피규어 사이즈 제외)",3,3D_즉시,브릭메모&캘린더스탠드2.0
PT4774,3,가로250x높이225x폭15mm,3,3D_즉시,해피웨이런치백(단품)
PT4253,3,260x100x360,3,3D_즉시,Brandfit커스텀쇼핑백
PT3907,3,100x155,2,2D_파서필요,주차번호판피규어세트
PT3279,3,220x15,2,2D_파서필요,액티브스포츠타월
PT2465,3,95x166x6,3,3D_즉시,드레스업손거울
PT2273,3,285x200mm,2,2D_파서필요,아트워크레더다이어리
PT1845,3,97x97,2,2D_파서필요,홈카페코스터
PT1621,3,24x24x61,3,3D_즉시,클래시 차량용 방향제
PT1511,3,73x180.5x61 펼침282*180,5,3D_즉시,유니크디퓨저[1]
PT1364,3,30x30이내,2,2D_파서필요,애드온뱃지
PT0868,3,69X45,2,2D_파서필요,마그넷오프너
PT0855,3,122x152mm,2,2D_파서필요,리유저블캘린더
PT0799,3,179x65x22,3,3D_즉시,라미사파리펜(볼펜)
PT0597,3,252x210x95 펼침645*703,5,3D_즉시,Solid 커스텀 G형박스
PT0034,3,136x196,2,2D_파서필요,슬로건 다이어리
PT5249,2,220×54×28.5,3,3D_즉시,데일리칫솔살균기|아이리버
PT5246,2,215×54×28,3,3D_즉시,데일리칫솔살균기|아이리버
PT5221,2,최대 80 x 80 mm,2,2D_파서필요,아이덴티티 스티커팩
PT5177,2,"1) 외경 : 153 x 233 x 60mm
2) 내경
-상짝 내부(화이트) : 140 x 220 x 20 mm
- 하짝 내부(블랙) : 125 x 205 x 30 mm
3) 리본(Ribbon)
- 색상 : Black
- 폭 : 10 mm
- 길이 : 약 320 mm (오차 범위 ±5mm)",15,3D_즉시,아너월넛트로피
PT5172,2,20x200x40mm,3,3D_즉시,아너월넛트로피
PT5165,2,75x200x40mm,3,3D_즉시,모뉴먼트 블랙 트로피
PT5117,2,140mm / 20g(심포함),2,2D_파서필요,파카조터XL볼펜
PT5068,2,"키링 : 70x70mm
와이어링 : 50x50mm",4,3D_즉시,아임히어리플렉터키링
PT4995,2,130x210x11mm,3,3D_즉시,몰스킨2026다이어리
PT4736,2,50×65×55mm,3,3D_즉시,월드와이드멀티어댑터
PT4582,2,76x163,2,2D_파서필요,샤인 미러 키링
PT4509,2,100x155,2,2D_파서필요,팝업스토어 피규어 세트
PT4333,2,30x60,2,2D_파서필요,히트업손난로보조배터리
PT4252,2,180x100x250,3,3D_즉시,Brandfit커스텀쇼핑백[1]
PT4170,2,케이스 45x170x17,3,3D_즉시,심볼릭스테들러:필기구4종세트
PT3981,2,90x157x70 (세웠을때 높이 153),4,3D_즉시,라이트캘린더
PT3810,2,"돗자리 : 2,00x1,400
파우치 : 175x145",6,3D_즉시,인마이백 피크닉매트
PT3267,2,115x30x60,3,3D_즉시,모먼트일회용카메라
PT3256,2,130x250+40,3,3D_즉시,프라우드 메모패드
PT3185,2,(압축후)400x290x130,3,3D_즉시,더블업 트래블 파우치
PT3067,2,3x3x170,3,3D_즉시,유니크디퓨저[1]
PT3064,2,153x45,2,2D_파서필요,유니크디퓨저[1]
PT3059,2,153x45,2,2D_파서필요,유니크디퓨저
PT2773,2,80x135 mm / 350ml,3,3D_즉시,리틀빅리유저블컵(반투명.아이보리)[1]
PT2725,2,106x15x170,3,3D_즉시,드레스업손거울
PT2464,2,95x166x6,3,3D_즉시,드레스업 손거울
PT1748,2,131x200,2,2D_파서필요,풀커버 스프링노트
PT1696,2,720x1000,2,2D_파서필요,퍼블랭킷(무릎담요)
PT1675,2,최대180x180,2,2D_파서필요,톤앤톤쿨러백(단품)
PT1635,2,78x30,2,2D_파서필요,클래시차량용방향제
PT1624,2,24x24x61,3,3D_즉시,클래시차량용방향제
PT1565,2,110x180mm,2,2D_파서필요,컬러풀 노트패드
PT1494,2,143x206x29 펼침479*466,5,3D_즉시,Open페이퍼박스(커스텀/Small)
PT1421,2,15x1400,2,2D_파서필요,프리미엄스트링후드집업(F/W)
PT1370,2,40x40이내,2,2D_파서필요,애드온뱃지
PT1365,2,30x30이내,2,2D_파서필요,애드온뱃지
PT1021,2,240x60,2,2D_파서필요,브랜드스트랩단우산
PT0812,2,182x67x28 펼침 180*215,5,3D_즉시,라미사파리펜(만년필)
PT0779,2,138x200mm,2,2D_파서필요,디자이너노트
PT0696,2,39x39,2,2D_파서필요,그립잇
PT0689,2,340x380(어깨끈32cm),3,3D_즉시,그래픽에코백
PT0677,2,340x380(어깨끈32cm),3,3D_즉시,그래픽에코백
PT0614,2,160x210x40 펼침327*531,5,3D_즉시,Solid커스텀G형박스(S사이즈)
PT0577,2,250x210x95 펼침 620*249,5,3D_즉시,Reinvent슬리브박스
PT5234,1,105x165mm,2,2D_파서필요,미니어처NFC키링
PT5230,1,90x130mm,2,2D_파서필요,브릭메모&캘린더스탠드2.0
PT5198,1,"세트만 조립 완료기준
144×32×45mm (메모패드, 피규어 사이즈 제외)",3,3D_즉시,브릭메모&캘린더스탠드2.0
PT5197,1,"세트만 조립 완료기준
144×32×45mm (메모패드, 피규어 사이즈 제외)",3,3D_즉시,브릭메모&캘린더스탠드2.0
PT5196,1,"세트만 조립 완료기준
144×32×45mm (메모패드, 피규어 사이즈 제외)",3,3D_즉시,브릭 메모&캘린더 스탠드 2.0
PT5195,1,"세트만 조립 완료기준
144×32×45mm (메모패드, 피규어 사이즈 제외)",3,3D_즉시,브릭 메모&캘린더 스탠드 2.0
PT5066,1,"키링 : 70x70mm
와이어링 : 50x50mm",4,3D_즉시,아임히어 리플렉터 키링
PT5065,1,"키링 : 70x70mm
와이어링 : 50x50mm",4,3D_즉시,아임히어리플렉터키링
PT5064,1,"키링 : 70x70mm
와이어링 : 50x50mm",4,3D_즉시,아임히어 리플렉터 키링
PT4991,1,130x210x22mm,3,3D_즉시,몰스킨2026다이어리
PT4833,1,커스텀사이즈,0,기타,Solid커스텀G형박스(L사이즈)
PT4602,1,75x120,2,2D_파서필요,프리미엄 린넨샤쉐
PT4598,1,285x65,2,2D_파서필요,슈가케인 텀블러
PT4585,1,"[샘플은 본제작과 동일한 옵션으로 제작]
1) 기본 키링만 선택할 경우 : 기본키링(O링결합) + 고객 선택 줄타입(니켈컬러)

2) 서브 키링도 선택할 경우 : 기본키링(O링결합) + 서브키링(O링결합) _ 고객 선택 줄타입(니켈컬러)

3) 부자재 컬러: O링, 줄 모두 니켈컬러

[포장방식]
1) 샘플은 기성 OPP 포장하여 출고",4,3D_즉시,샤인 미러 키링
PT4537,1,85x51x2,3,3D_즉시,헬로카드형USB
PT4536,1,85x51x2,3,3D_즉시,헬로 카드형 USB
PT4535,1,85x51x2,3,3D_즉시,헬로 카드형 USB
PT4494,1,85x51x2,3,3D_즉시,헬로 카드형 USB
PT4482,1,80x77x243,3,3D_즉시,스탠리 슬림 보틀
PT4388,1,36x75x3,3,3D_즉시,글로시 키링
PT4385,1,36x50x3,3,3D_즉시,글로시 키링
PT4294,1,케이스 45x170x17,3,3D_즉시,심볼릭스테들러:파인라이너4종세트
PT4171,1,케이스 45x170x17,3,3D_즉시,심볼릭스테들러:파인라이너4종세트
PT4010,1,케이스 45x170x17,3,3D_즉시,심볼릭스테들러:형광펜4종세트
PT3982,1,90x140,2,2D_파서필요,라이트캘린더
PT3796,1,헤비 맨투맨,0,기타,슬로건 맨투맨
PT3060,1,153x45,2,2D_파서필요,유니크 디퓨저
PT3039,1,커스텀사이즈,0,기타,Tailored스트랩박스:지지박스
PT2937,1,385x290,2,2D_파서필요,하이킹폴딩방석
PT2930,1,380x260x??,2,2D_파서필요,Tailored스트랩박스:지지박스
PT2920,1,380x260x??,2,2D_파서필요,Tailored스트랩박스:지지박스
PT2865,1,6x13,2,2D_파서필요,페이퍼링캘린더
PT2776,1,80x135 mm / 350ml,3,3D_즉시,리틀빅리유저블컵(블루.그린.옐로우.카키)
PT2772,1,80x135 mm / 350ml,3,3D_즉시,리틀빅리유저블컵(반투명.아이보리)[2]
PT2459,1,153x45,2,2D_파서필요,유니크디퓨저
PT2387,1,138x200mm,2,2D_파서필요,디자이너노트
PT2363,1,810x320,2,2D_파서필요,데스크테리어매트(기본형)
PT2292,1,150x440x65,3,3D_즉시,포터블 피크닉 롤테이블
PT2257,1,285x200mm,2,2D_파서필요,아트워크레더다이어리
PT2158,1,19x7,2,2D_파서필요,스타트 씨드키트
PT2057,1,900x400x3T,3,3D_즉시,데스크테리어매트(대형)
PT1847,1,87x87,2,2D_파서필요,홈카페 코스터
PT1846,1,85x85,2,2D_파서필요,홈카페 코스터
PT1743,1,131x200,2,2D_파서필요,풀커버스프링노트
PT1731,1,100x100x140,3,3D_즉시,폴더블텀블러
PT1726,1,1500x1000,2,2D_파서필요,포시즌 블랭킷
PT1713,1,80x80 펼침 110*195,4,3D_즉시,페이퍼 샤쉐
PT1637,1,78x30,2,2D_파서필요,클래시차량용방향제
PT1636,1,78x30,2,2D_파서필요,클래시차량용방향제
PT1633,1,78x30,2,2D_파서필요,클래시차량용방향제
PT1632,1,78x30,2,2D_파서필요,클래시차량용방향제
PT1625,1,24x24x61,3,3D_즉시,클래시차량용방향제
PT1623,1,24x24x61,3,3D_즉시,클래시차량용방향제
PT1550,1,730*1000,2,2D_파서필요,클라우드피크닉매트(1인용)
PT1428,1,100*100 이하,2,2D_파서필요,프리미엄스트링후드집업(F/W)_추가제작
PT1426,1,300*210 이하,2,2D_파서필요,프리미엄 스트링 후드집업
PT1420,1,100*100 이하,2,2D_파서필요,프리미엄스트링후드집업(F/W)
PT1418,1,100*100 이하,2,2D_파서필요,프리미엄 스트링 후드집업
PT1402,1,138x164,2,2D_파서필요,에디트캘린더
PT1376,1,77x103,2,2D_파서필요,어썸그립
PT1361,1,40x50,2,2D_파서필요,애드온뱃지
PT1358,1,40x40이내,2,2D_파서필요,애드온 뱃지
PT1260,1,138x200,2,2D_파서필요,슬로건다이어리(커스텀/1000권이상)
PT1243,1,136x196,2,2D_파서필요,슬로건다이어리(커스텀/1000권이상)
PT1163,1,59x9x102,3,3D_즉시,스트레치 사원증 홀더
PT1153,1,50x270,2,2D_파서필요,스테인리스빨대
PT1150,1,10x10x238,3,3D_즉시,스테인리스빨대
PT1022,1,240x60,2,2D_파서필요,브랜드 스트랩 단우산
PT0882,1,95x95x183,3,3D_즉시,매트블랙 텀블러
PT0869,1,58X58,2,2D_파서필요,마그넷 오프너
PT0857,1,122x152mm,2,2D_파서필요,리유저블캘린더
PT0700,1,39x39,2,2D_파서필요,그립잇
PT0698,1,39x39,2,2D_파서필요,그립잇
PT0693,1,340x380(어깨끈32cm),3,3D_즉시,그래픽 에코백
PT0687,1,340x380(어깨끈32cm),3,3D_즉시,그래픽 에코백
PT0531,1,커스텀사이즈,0,기타,Open페이퍼박스(커스텀/Small)
