PT코드,차단단위수,단독차단수,예시_굿즈명,예시_PNA,규격_입력(가로x세로x높이mm)
PT4424,90,19,브랜디드피규어키링,PNA37834,
PT4421,80,15,브랜디드피규어,PNA38086,
PT4894,61,6,스펙트럼컬러펜,PNA36940,
PT3708,60,10,스펙트럼컬러펜,PNA36940,
PT3576,57,6,스펙트럼컬러펜,PNA36940,
PT2402,55,4,스펙트럼컬러펜,PNA36940,
PT4432,54,12,브랜디드피규어,PNA38034,
PT4422,51,12,브랜디드피규어,PNA37408,
PT4464,45,6,브랜디드피규어,PNA38086,
PT0535,33,6,Passion더스트백(반투명M),PNA37701,
PT1492,30,7,브릭메모&캘린더스탠드,PNA37408,
PT4733,30,6,브랜디드피규어키링,PNA38231,
PT3761,30,3,Passion더스트백(반투명M),PNA37701,
PT3691,30,2,슬로건다이어리(표준),PNA37360,
PT4728,29,6,브랜디드피규어키링,PNA37000,
PT4431,28,4,브랜디드피규어키링,PNA38231,
PT4613,26,1,라이트샤오미펜,PNA38271,
PT4590,26,1,라이트샤오미펜,PNA38271,
PT3755,25,5,Solid스탠다드G형박스(L사이즈),PNA37892,
PT4113,24,5,와이드클립펜,PNA36625,
PT5124,24,2,킵세이프마그넷배터리Max,PNA37967,
PT4103,23,4,와이드클립펜,PNA36625,
PT4383,23,3,풀커버스티치노트(300개초과),PNA36625,
PT3730,23,2,레더스킨다이어리(표준),PNA37460,
PT5125,23,2,킵세이프마그넷배터리Max,PNA37967,
PT3715,22,21,Simple슬라이드지퍼백(S),PNA36940,
PT2486,22,5,Solid스탠다드G형박스(L사이즈),PNA37460,
PT3754,22,4,스탠드-업칫솔,PNA37967,
PT4274,22,2,시그니처다이어리(블랙),PNA37892,
PT4031,21,5,데일리짐색(키트),PNA37834,
PT4083,21,4,데일리짐색(키트),PNA37834,
PT5110,20,2,킵세이프마그넷배터리Max,PNA37967,
PT3669,20,1,브랜드-잇,PNA37892,
PT3648,19,4,Quality슬리브박스,PNA37408,
PT1138,19,4,스탠드-업칫솔,PNA38117,
PT3689,19,3,데코스티커,PNA36625,
PT4101,19,1,와이드클립펜,PNA36625,
PT2550,19,1,슬로건다이어리(표준),PNA37360,
PT3641,18,15,리마커블칫솔살균기,PNA50248,
PT3735,18,6,애드온뱃지,PNA37519,
PT2373,18,2,데코스티커,PNA36625,
PT3720,18,2,매트블랙텀블러,PNA38056,
PT4836,18,2,핸디링미니선풍기,PNA50895,
PT4840,18,2,핸디링미니선풍기,PNA50895,
PT2527,18,0,브랜드-잇,PNA37892,
PT4864,17,4,브랜디드타월,PNA38064,
PT4855,17,4,브랜디드타월,PNA38064,
PT3723,17,4,메시지캐리어파우치,PNA38099,
PT4028,17,1,데일리짐색(키트),PNA37834,
PT5140,17,1,커넥트6in1케이블키트,PNA37901,
PT3650,17,1,올웨이즈양우산,PNA37955,
PT3235,17,1,액티브스포츠타월,PNA50131,
PT3938,17,1,핸디링미니선풍기,PNA50895,
PT5108,17,0,킵세이프마그넷배터리Max,PNA37967,
PT5103,16,3,킵세이프마그넷배터리Max,PNA37967,
PT0851,16,2,로고스트랩파우치(키트),PNA37360,
PT3236,16,2,액티브스포츠타월,PNA37868,
PT3287,16,1,올웨이즈양우산,PNA37955,
PT5138,16,0,커넥트6in1케이블키트,PNA50108,
PT4606,15,5,에센셜와인오프너세트,PNA38143,
PT4520,15,4,브릭메모&캘린더스탠드,PNA37408,
PT4642,15,4,카드트레이피규어세트,PNA38485,
PT3840,15,4,테크미니파우치,PNA50519,
PT2972,15,2,메시지캐리어파우치,PNA50225,
PT4745,15,2,임팩트슬로건타월,PNA50509,
PT3607,15,1,로고스트랩파우치(키트),PNA37360,
PT0831,14,4,레더스킨다이어리(표준),PNA37460,
PT3238,14,4,Solid스탠다드G형박스(M사이즈),PNA38086,
PT3149,14,3,미니멀스텐머그,PNA38162,
PT0881,14,3,매트블랙텀블러,PNA38235,
PT0875,14,3,매트블랙텀블러,PNA38235,
PT0852,14,2,로고스트랩파우치(키트),PNA37360,
PT1234,14,1,슬로건다이어리(표준),PNA37360,
PT4363,14,1,풀커버스티치노트(300개이하),PNA38280,
PT4374,14,0,풀커버스티치노트(300개이하),PNA38280,
PT4669,13,3,베이직무선충전마우스패드[1],PNA38146,
PT4399,13,2,브랜드팝클리어키링,PNA36625,
PT1285,13,2,Motion스탠다드박스(Small),PNA38073,
PT3724,13,2,트리플컬러펜∣JETSTREAM,PNA38169,
PT2673,13,2,슬로건다이어리(표준),PNA50117,
PT4030,13,1,데일리짐색(키트),PNA37986,
PT4473,13,1,브랜디드피규어키링,PNA38231,
PT0847,13,0,로고스트랩파우치(키트),PNA37360,
PT4366,13,0,풀커버스티치노트(300개이하),PNA38280,
PT1232,13,0,슬로건다이어리(표준),PNA50117,
PT4771,13,0,임팩트슬로건타월,PNA50509,
PT4772,13,0,임팩트슬로건타월,PNA50509,
PT5134,12,3,커넥트6in1케이블키트,PNA50108,
PT4863,12,2,킵세이프마그넷배터리Slim,PNA38064,
PT4466,12,2,스탠리데일리텀블러,PNA38236,
PT4417,12,1,스탠리데일리텀블러,PNA38064,
PT3663,12,1,미니멀스텐머그,PNA38162,
PT4425,12,1,브랜디드피규어키링[3],PNA38181,
PT3729,12,1,미르(MiiR)텀블러,PNA38269,
PT5147,12,1,베이직도킹형보조배터리,PNA38534,
PT3850,12,1,테크미니파우치,PNA50519,
PT2352,12,0,Quality슬리브박스,PNA37408,
PT2554,12,0,애드온뱃지,PNA37519,
PT0879,12,0,매트블랙텀블러,PNA38235,
PT2403,12,0,매트블랙텀블러,PNA38235,
PT3694,11,9,Open페이퍼박스(스탠다드),PNA37408,
PT2911,11,4,하이킹폴딩방석,PNA38406,
PT5149,11,2,클로저휴대폰스트랩(블리스터),PNA50037,
PT3387,11,1,시그니처다이어리(블랙),PNA37892,
PT4880,11,1,킵세이프마그넷배터리Slim,PNA38064,
PT3237,11,1,Solid스탠다드G형박스(M사이즈),PNA38086,
PT4618,11,1,카드트레이피규어세트,PNA38485,
PT1132,11,0,스타일수면안대,PNA37901,
PT3627,11,0,스타일수면안대,PNA37901,
PT1130,11,0,스타일수면안대,PNA37901,
PT3154,11,0,미니멀스텐머그,PNA38162,
PT1676,11,0,톤앤톤쿨러백(단품),PNA38386,
PT4271,11,0,베이직도킹형보조배터리,PNA38534,
PT4273,11,0,베이직도킹형보조배터리,PNA38534,
PT1751,11,0,브랜드스트랩단우산,PNA50333,
PT4680,10,4,밸류무선충전마우스패드,PNA37986,
PT5079,10,4,밸류메모큐브(S),PNA50223,
PT2960,10,2,아이콘펜,PNA36861,
PT5276,10,2,스테이텀블러,PNA50196,
PT3286,10,2,올웨이즈양우산,PNA50201,
PT5083,10,2,월드와이드멀티어댑터,PNA50356,
PT4814,10,2,칠링패드냉각선풍기,PNA51062,
PT1029,10,1,브랜드-잇,PNA37892,
PT3463,10,1,스탠드-업칫솔,PNA37967,
PT4659,10,1,베이직무선충전마우스패드[1],PNA38146,
PT1027,10,1,브랜드-잇,PNA38261,
PT4945,10,1,어드벤스3단자동우산,PNA38332,
PT4249,10,1,베이직도킹형보조배터리,PNA38534,
PT4970,10,1,어드벤스3단자동우산,PNA50005,
PT5153,10,1,클로저휴대폰스트랩(블리스터),PNA50037,
PT4969,10,0,브릭메모&캘린더스탠드,PNA37408,
PT4875,10,0,킵세이프마그넷배터리Slim,PNA38064,
PT4689,10,0,베이직무선충전마우스패드[1],PNA38146,
PT4690,10,0,베이직무선충전마우스패드[1],PNA38146,
PT1677,10,0,톤앤톤쿨러백(단품),PNA38386,
PT3751,10,0,톤앤톤쿨러백(단품),PNA38386,
PT5037,10,0,시그니처다이어리(그레이),PNA38411,
PT4184,9,5,홀리데이네임택,PNA38156,
PT0883,9,4,매트블랙텀블러,PNA37967,
PT4115,9,3,프라임폴더블멀티충전기,PNA37456,
PT5076,9,3,밸류메모큐브(M),PNA38156,
PT4442,9,2,에센셜와인오프너세트,PNA38143,
PT4739,9,2,월드와이드멀티어댑터,PNA38271,
PT5222,9,2,아이덴티티스티커팩,PNA50718,
PT5052,9,2,브랜디드 피규어 키링,PNA51483,
PT3791,9,1,아이콘펜,PNA36861,
PT3721,9,1,아이콘펜,PNA36861,
PT4854,9,1,아이콘케이블홀더세트,PNA38381,
PT4841,9,1,아이콘케이블홀더세트,PNA38381,
PT4235,9,1,베이직도킹형보조배터리,PNA38534,
PT4194,9,1,하이업노트북폴딩스탠드,PNA50240,
PT5397,9,1,슬림 터보선풍기,PNA51820,
PT4569,9,0,브랜드팝클리어키링,PNA36625,
PT1906,9,0,브랜드-잇,PNA37892,
PT3150,9,0,미니멀스텐머그,PNA38213,
PT4416,9,0,스탠리데일리텀블러,PNA38236,
PT2435,9,0,톤앤톤쿨러백(단품),PNA38386,
PT1678,9,0,톤앤톤쿨러백(단품),PNA38386,
PT5254,9,0,스테이텀블러[1],PNA50920,
PT4106,8,4,홀리데이네임택,PNA38156,
PT0835,8,3,레더스킨다이어리(표준),PNA38081,
PT4601,8,3,포켓마켓백,PNA38842,
PT3681,8,3,브랜드스트랩단우산,PNA50078,
PT3726,8,3,스타트씨드키트,PNA50695,
PT2685,8,2,미르(MiiR)텀블러,PNA37834,
PT4699,8,2,밸류무선충전마우스패드,PNA38154,
PT2233,8,2,브랜디드노트북백_추가제작,PNA38373,
PT2915,8,2,하이킹폴딩방석,PNA50131,
PT3651,8,2,그래픽에코백,PNA50493,
PT5223,8,2,아이덴티티스티커팩,PNA50718,
PT4566,8,1,브랜드팝클리어키링,PNA36625,
PT0850,8,1,로고스트랩파우치(키트),PNA37360,
PT2018,8,1,컬러풀노트패드(블랙),PNA38099,
PT1461,8,1,올블랙펜,PNA38162,
PT4966,8,1,브릭스탠드멀티충전스테이션,PNA38303,
PT4472,8,1,브랜디드피규어키링,PNA38814,
PT1452,8,1,오피스마우스패드(스탠다드),PNA50128,
PT4794,8,1,월드와이드멀티어댑터,PNA50356,
PT5228,8,1,브릭메모&캘린더스탠드,PNA50414,
PT5229,8,1,브릭메모&캘린더스탠드2.0,PNA50484,
PT5260,8,1,컴포트스텐머그,PNA50504,
PT5256,8,1,스테이텀블러,PNA50863,
PT4568,8,0,브랜드팝클리어키링,PNA36625,
PT4835,8,0,Solid커스텀G형박스(S사이즈),PNA36861,
PT4848,8,0,아이콘케이블홀더세트,PNA38381,
PT1860,8,0,브랜드-잇,PNA50117,
PT2497,8,0,데스크테리어매트(대형),PNA50237,
PT3750,8,0,데스크테리어매트(대형),PNA50237,
PT2058,8,0,데스크테리어매트(대형),PNA50237,
PT4167,8,0,하이업노트북폴딩스탠드,PNA50337,
PT4183,8,0,하이업노트북폴딩스탠드,PNA50337,
PT4159,8,0,하이업노트북폴딩스탠드,PNA50337,
PT3624,8,0,더블업트래블파우치(Small)_단품,PNA50395,
PT4747,8,0,임팩트슬로건타월,PNA50509,
PT4755,8,0,칠링패드냉각선풍기,PNA51062,
PT3857,7,3,미스트워터보틀,PNA37701,
PT4029,7,3,데일리짐색(키트),PNA37834,
PT4885,7,3,챔피언피규어트로피,PNA38104,
PT3614,7,2,프라우드메모패드(블랙),PNA36940,
PT1902,7,2,페이퍼샤쉐,PNA37701,
PT4362,7,2,Motion스탠다드박스(Small),PNA38073,
PT4300,7,2,트리플컬러펜∣JETSTREAM,PNA50658,
PT4365,7,1,풀커버스티치노트(300개초과),PNA36625,
PT0561,7,1,Raw코튼파우치(L/XL사이즈),PNA36801,
PT4912,7,1,파워업PD충전기65W,PNA36801,
PT3743,7,1,디자이너노트,PNA37955,
PT4816,7,1,HighLight슬라이드지퍼백(1000개미만),PNA50018,
PT3616,7,1,굿이너프비치타월(300개이하),PNA50461,
PT5273,7,1,컴포트스텐머그,PNA50504,
PT3606,7,1,밸류메모큐브(S),PNA50514,
PT4827,7,1,칠링패드냉각선풍기,PNA51062,
PT3162,7,1,포시즌 티셔츠,PNA51289,
PT3699,7,1,포시즌 티셔츠,PNA51289,
PT4487,7,0,에센셜와인오프너세트,PNA38143,
PT4443,7,0,에센셜와인오프너세트,PNA38143,
PT3654,7,0,올블랙펜,PNA38162,
PT3744,7,0,컬러풀노트패드(블랙),PNA38221,
PT4710,7,0,브릭스탠드멀티충전스테이션,PNA38303,
PT4950,7,0,브릭스탠드멀티충전스테이션,PNA38303,
PT4953,7,0,브릭스탠드멀티충전스테이션,PNA38303,
PT3760,7,0,하이킹폴딩방석,PNA38406,
PT0699,7,0,그립잇,PNA38561,
PT2901,7,0,그립잇,PNA38561,
PT0701,7,0,그립잇,PNA38561,
PT1451,7,0,오피스마우스패드(스탠다드),PNA50128,
PT3702,7,0,오피스마우스패드(스탠다드),PNA50128,
PT3629,7,0,액티브스포츠타월,PNA50131,
PT5105,7,0,킵세이프마그넷배터리Max,PNA50152,
PT5135,7,0,커넥트6in1케이블키트,PNA50263,
PT1053,7,0,굿이너프비치타월(300개이하),PNA50461,
PT2056,7,0,데스크테리어매트(기본형),PNA50484,
PT5231,7,0,브릭메모&캘린더스탠드2.0,PNA50484,
PT4829,7,0,칠링패드냉각선풍기,PNA51062,
PT5055,7,0,브랜디드 피규어 키링,PNA51483,
PT5398,7,0,슬림 터보선풍기,PNA51873,
PT5184,6,5,아너월넛트로피,PNA38326,
PT3666,6,5,센텐스펜[1],PNA38515,
PT3165,6,4,포시즌티셔츠[1],PNA50824,
PT2597,6,2,프라우드투톤명함지갑(레디메이드),PNA38099,
PT3659,6,2,포시즌블랭킷(일반담요),PNA38622,
PT5233,6,2,미니어처NFC키링,PNA51260,
PT2440,6,1,베케이션여권케이스,PNA36886,
PT1715,6,1,페이퍼샤쉐,PNA37701,
PT1233,6,1,시그니처다이어리(블랙),PNA37892,
PT3904,6,1,리멤버탁상시계,PNA38212,
PT0864,6,1,릴리프눈마사지기,PNA38494,
PT0504,6,1,미르(MiiR)텀블러,PNA38534,
PT4102,6,1,와이드클립펜,PNA50238,
PT3136,6,1,포켓마켓백,PNA50314,
PT3732,6,1,포켓마켓백,PNA50314,
PT4746,6,1,임팩트슬로건타월,PNA50346,
PT5235,6,1,미니어처NFC키링,PNA50746,
PT3280,6,1,액티브스포츠타월,PNA50938,
PT1360,6,1,애드온 뱃지 [1],PNA51534,
PT5393,6,1,슬림 터보선풍기,PNA51873,
PT4609,6,0,브랜드팝클리어키링,PNA36625,
PT4370,6,0,풀커버스티치노트(300개초과),PNA36625,
PT4379,6,0,풀커버스티치노트(300개초과),PNA36625,
PT4367,6,0,풀커버스티치노트(300개초과),PNA36625,
PT3640,6,0,Raw코튼파우치(L/XL사이즈),PNA36801,
PT2484,6,0,Raw코튼파우치(L/XL사이즈),PNA36801,
PT4915,6,0,파워업PD충전기65W,PNA36801,
PT3790,6,0,아이콘펜,PNA36861,
PT4298,6,0,아이콘펜,PNA36861,
PT3661,6,0,페이퍼샤쉐,PNA37701,
PT0776,6,0,디자이너노트,PNA37955,
PT3711,6,0,노트북스탠드패드,PNA38099,
PT0738,6,0,노트북스탠드패드,PNA38099,
PT0739,6,0,노트북스탠드패드,PNA38099,
PT4492,6,0,에센셜와인오프너세트,PNA38143,
PT4657,6,0,베이직무선충전마우스패드[1],PNA38146,
PT4698,6,0,밸류무선충전마우스패드,PNA38154,
PT4687,6,0,밸류무선충전마우스패드,PNA38154,
PT2529,6,0,브랜디드노트북백_추가제작,PNA38373,
PT2232,6,0,브랜디드노트북백_추가제작,PNA38373,
PT2528,6,0,브랜디드노트북백_추가제작,PNA38373,
PT4944,6,0,어드벤스3단자동우산,PNA50005,
PT1238,6,0,슬로건다이어리(표준),PNA50066,
PT4809,6,0,HighLight슬라이드지퍼백(1000개미만),PNA50142,
PT4299,6,0,트리플컬러펜∣JETSTREAM,PNA50248,
PT4471,6,0,브랜디드피규어키링,PNA50265,
PT4094,6,0,프라임폴더블멀티충전기,PNA50354,
PT5275,6,0,컴포트스텐머그,PNA50504,
PT5154,6,0,밸류메모큐브(S),PNA50514,
PT5226,6,0,아이덴티티스티커팩,PNA51037,
PT4821,6,0,칠링패드냉각선풍기,PNA51062,
PT3215,6,0,포시즌 티셔츠,PNA51289,
PT3658,5,5,Eco페이퍼박스(S사이즈),PNA50031,
PT3665,5,3,쇼핑백,PNA38167,
PT3497,5,2,클립아트펜,PNA37892,
PT3579,5,2,버티컬무선충전패드,PNA37955,
PT0775,5,2,디자이너노트,PNA38399,
PT1841,5,2,홈카페코스터,PNA50261,
PT1720,5,2,포시즌블랭킷(무릎담요),PNA50361,
PT3739,5,2,플레인USB,PNA50882,
PT2081,5,2,클리어리유저블컵(스탠다드),PNA51014,
PT5220,5,2,아이덴티티스티커팩,PNA51037,
PT5282,5,2,아트워크 타월,PNA51737,
PT3893,5,1,미스트워터보틀,PNA37701,
PT1981,5,1,Quality슬리브박스,PNA37748,
PT1755,5,1,프라우드투톤명함지갑(레디메이드),PNA38099,
PT4108,5,1,홀리데이네임택,PNA38156,
PT4381,5,1,에센셜장우산(실버),PNA38223,
PT4724,5,1,오아시스미니마사지건,PNA38324,
PT1211,5,1,스펙트럼컬러펜[2],PNA38368,
PT0617,5,1,Solid커스텀G형박스(L사이즈),PNA50053,
PT1106,5,1,소프트터치블루투스키보드,PNA50302,
PT2780,5,1,리틀빅리유저블컵(반투명.아이보리),PNA50514,
PT3759,5,1,리틀빅리유저블컵(블루.그린.옐로우.카키),PNA50821,
PT1809,5,1,플레인USB,PNA51088,
PT3706,5,0,베케이션여권케이스,PNA36886,
PT2524,5,0,베케이션여권케이스,PNA36886,
PT3692,5,0,Tailored스트랩박스,PNA37967,
PT4391,5,0,스탠리데일리텀블러,PNA38064,
PT2581,5,0,에디션골프공6구,PNA38232,
PT2684,5,0,미르(MiiR)텀블러,PNA38269,
PT0502,5,0,미르(MiiR)텀블러,PNA38269,
PT4990,5,0,몰스킨2026다이어리,PNA38321,
PT5141,5,0,오아시스미니마사지건,PNA38324,
PT2230,5,0,브랜디드노트북백_추가제작,PNA38373,
PT3913,5,0,리멤버탁상시계,PNA38483,
PT3899,5,0,리멤버탁상시계,PNA38483,
PT3653,5,0,브랜디드노트북백,PNA38749,
PT1235,5,0,시그니처다이어리(블랙),PNA50047,
PT4832,5,0,Solid커스텀G형박스(L사이즈),PNA50053,
PT2691,5,0,릴리프눈마사지기,PNA50090,
PT3583,5,0,릴리프눈마사지기,PNA50090,
PT0865,5,0,릴리프눈마사지기,PNA50090,
PT3722,5,0,릴리프눈마사지기,PNA50090,
PT4308,5,0,그래픽배너대용량보조배터리,PNA50140,
PT4310,5,0,그래픽배너대용량보조배터리,PNA50140,
PT1512,5,0,유니크디퓨저[1],PNA50185,
PT3139,5,0,포켓마켓백,PNA50314,
PT3161,5,0,포켓마켓백,PNA50314,
PT4162,5,0,하이업노트북폴딩스탠드,PNA50337,
PT5212,5,0,레더스킨다이어리(표준),PNA50379,
PT3184,5,0,더블업트래블파우치(Small)_단품,PNA50395,
PT3187,5,0,더블업트래블파우치(Small)_단품,PNA50395,
PT2214,5,0,프리미엄스트링후드집업(F/W),PNA50539,
PT5104,5,0,킵세이프마그넷배터리Max,PNA50640,
PT5274,5,0,미니어처NFC키링,PNA51037,
PT5227,5,0,아이덴티티스티커팩,PNA51037,
PT3937,5,0,스탠딩 휴대용 선풍기,PNA51406,
PT3927,5,0,스탠딩 휴대용 선풍기,PNA51406,
PT5391,5,0,슬림 터보선풍기,PNA51873,
PT5302,4,4,모먼트골드스파클[1],PNA51443,
PT4895,4,3,센텐스펜[1],PNA38610,
PT3946,4,3,Storage펄프박스,PNA50479,
PT4813,4,2,밀크에코컵,PNA37408,
PT4796,4,2,밀크에코컵,PNA37408,
PT4371,4,2,히트업손난로보조배터리,PNA38117,
PT4900,4,2,심볼아크릴트로피,PNA50702,
PT4026,4,2,데일리짐색(단품)[1],PNA50919,
PT1742,4,1,풀커버스프링노트,PNA36861,
PT4967,4,1,브릭메모&캘린더스탠드,PNA37408,
PT4713,4,1,브릭메모&캘린더스탠드,PNA37408,
PT0854,4,1,리유저블캘린더,PNA37455,
PT3693,4,1,클립아트펜,PNA37892,
PT3703,4,1,버티컬무선충전패드,PNA37955,
PT2709,4,1,버티컬무선충전패드,PNA37955,
PT4279,4,1,Brandfit커스텀쇼핑백,PNA38162,
PT1760,4,1,프라우드투톤명함지갑(레디메이드),PNA38162,
PT1457,4,1,오피스마우스패드(스탠다드),PNA38623,
PT4258,4,1,Brandfit커스텀쇼핑백,PNA38696,
PT5204,4,1,어텐션스포츠보틀,PNA38815,
PT4683,4,1,밸류무선충전마우스패드,PNA50103,
PT4916,4,1,챔피언피규어트로피,PNA50359,
PT2121,4,1,스타트씨드키트,PNA51075,
PT5304,4,1,모바일오피스파우치2.0,PNA51453,
PT2366,4,0,Quality슬리브박스,PNA37748,
PT4485,4,0,스탠리슬림보틀,PNA37748,
PT4480,4,0,스탠리슬림보틀,PNA37748,
PT4478,4,0,스탠리슬림보틀,PNA37748,
PT4475,4,0,스탠리슬림보틀,PNA37748,
PT1135,4,0,스타일수면안대,PNA37901,
PT2542,4,0,스타일수면안대,PNA37901,
PT1133,4,0,스타일수면안대,PNA37901,
PT1134,4,0,스타일수면안대,PNA37901,
PT3288,4,0,올웨이즈양우산,PNA37955,
PT2936,4,0,Tailored스트랩박스,PNA37967,
PT2927,4,0,Tailored스트랩박스,PNA37967,
PT2922,4,0,Tailored스트랩박스,PNA37967,
PT0838,4,0,레더스킨다이어리(표준),PNA38081,
PT3638,4,0,프라우드투톤명함지갑(레디메이드),PNA38099,
PT4926,4,0,챔피언피규어트로피,PNA38104,
PT4658,4,0,베이직무선충전마우스패드[2],PNA38146,
PT2516,4,0,마그넷오프너,PNA38156,
PT3734,4,0,마그넷오프너,PNA38156,
PT4346,4,0,에센셜장우산(실버),PNA38223,
PT4347,4,0,에센셜장우산(실버),PNA38223,
PT4380,4,0,에센셜장우산(실버),PNA38223,
PT2917,4,0,하이킹폴딩방석,PNA38406,
PT4619,4,0,카드트레이피규어세트,PNA38485,
PT3566,4,0,그립잇,PNA38561,
PT3756,4,0,그립잇,PNA38561,
PT4943,4,0,어드벤스3단자동우산,PNA50005,
PT0866,4,0,릴리프눈마사지기,PNA50090,
PT2395,4,0,오토매틱와인오프너,PNA50134,
PT4324,4,0,그래픽배너대용량보조배터리,PNA50140,
PT4323,4,0,그래픽배너대용량보조배터리,PNA50140,
PT4315,4,0,그래픽배너대용량보조배터리,PNA50140,
PT4272,4,0,심볼릭스테들러:형광펜4종세트,PNA50148,
PT4169,4,0,심볼릭스테들러:형광펜4종세트,PNA50148,
PT2502,4,0,드레스업손거울,PNA50153,
PT3728,4,0,드레스업손거울,PNA50153,
PT1645,4,0,에디션골프공6구,PNA50201,
PT1644,4,0,에디션골프공6구,PNA50201,
PT2525,4,0,브랜드스트랩단우산,PNA50333,
PT3601,4,0,브랜드스트랩단우산,PNA50333,
PT3608,4,0,홈카페코스터,PNA50386,
PT2604,4,0,홈카페코스터,PNA50386,
PT3745,4,0,소프트터치블루투스키보드,PNA50422,
PT3600,4,0,소프트터치블루투스키보드,PNA50422,
PT3781,4,0,리멤버타투스티커,PNA50731,
PT3611,4,0,리멤버타투스티커,PNA50731,
PT5086,4,0,아임히어리플렉터키링,PNA50731,
PT5085,4,0,아임히어리플렉터키링,PNA50731,
PT5091,4,0,아임히어리플렉터키링,PNA50731,
PT5241,4,0,미니어처NFC키링,PNA50746,
PT2792,4,0,리틀빅리유저블컵(블루.그린.옐로우.카키),PNA50821,
PT2916,4,0,하이킹폴딩방석,PNA50831,
PT2126,4,0,스타트씨드키트,PNA51075,
PT3217,4,0,셀렉티브전동오프너&와인잔세트,PNA51079,
PT1808,4,0,플레인USB,PNA51088,
PT5303,4,0,모바일오피스파우치2.0,PNA51636,
PT5286,4,0,모바일오피스파우치2.0,PNA51636,
PT3166,4,0,포시즌 티셔츠,PNA51637,
PT4611,3,3,가챠머신,PNA51534,
PT2914,3,2,하이킹폴딩방석,PNA38406,
PT2494,3,2,글로시키링,PNA50318,
PT2273,3,2,아트워크레더다이어리,PNA50765,
PT4822,3,2,칠링패드 냉각선풍기,PNA51603,
PT2727,3,1,슬로건다이어리(표준),PNA37460,
PT5026,3,1,시그니처다이어리(그레이),PNA37986,
PT0855,3,1,리유저블캘린더,PNA38046,
PT4919,3,1,심볼아크릴트로피[1],PNA38213,
PT0645,3,1,매트블랙텀블러,PNA38323,
PT3631,3,1,웹캠커버,PNA38561,
PT3667,3,1,아트워크레더다이어리,PNA50024,
PT2714,3,1,아트워크레더다이어리,PNA50024,
PT3662,3,1,슈가케인펜,PNA50165,
PT2539,3,1,슈가케인펜,PNA50165,
PT3068,3,1,유니크디퓨저[1],PNA50185,
PT3592,3,1,에디션골프공6구,PNA50201,
PT4328,3,1,베이직도킹형보조배터리,PNA50251,
PT3910,3,1,주차번호판피규어세트,PNA50361,
PT3907,3,1,주차번호판피규어세트,PNA50361,
PT1026,3,1,브랜드스트랩단우산,PNA50669,
PT4949,3,1,브릭스탠드 멀티충전기,PNA50699,
PT4264,3,1,플러스멀티충전스테이션,PNA50779,
PT3401,3,1,스탠리데일리텀블러,PNA50803,
PT4575,3,1,샤인미러키링,PNA50805,
PT5257,3,1,스테이텀블러,PNA50805,
PT4257,3,1,Brandfit커스텀쇼핑백,PNA50824,
PT4349,3,1,에센셜장우산(풀컬러),PNA50831,
PT4778,3,1,해피웨이런치백(단품),PNA51015,
PT1811,3,1,플레인USB,PNA51251,
PT0034,3,1,슬로건 다이어리,PNA51270,
PT2971,3,1,메시지캐리어파우치,PNA51299,
PT0597,3,1,Solid 커스텀 G형박스,PNA51345,
PT1621,3,1,클래시 차량용 방향제,PNA51370,
PT5379,3,1,심볼 NFC 키링 [2],PNA51426,
PT5355,3,1,하우스 핸드타월,PNA51712,
PT4507,3,1,팝업스토어 피규어 세트,PNA51891,
PT4564,3,0,브랜드팝클리어키링,PNA36625,
PT4971,3,0,브릭메모&캘린더스탠드,PNA37408,
PT4968,3,0,브릭메모&캘린더스탠드,PNA37408,
PT3612,3,0,리유저블캘린더,PNA38046,
PT1925,3,0,리유저블캘린더,PNA38046,
PT4688,3,0,밸류무선충전마우스패드,PNA38154,
PT4684,3,0,밸류무선충전마우스패드,PNA38154,
PT0868,3,0,마그넷오프너,PNA38156,
PT1364,3,0,애드온뱃지,PNA38223,
PT4352,3,0,에센셜장우산(실버),PNA38223,
PT1380,3,0,에디션골프공6구,PNA38232,
PT3400,3,0,스탠리데일리텀블러,PNA38236,
PT2561,3,0,프리미엄스트링후드집업(F/W)_추가제작,PNA38256,
PT5013,3,0,몰스킨2026다이어리,PNA38321,
PT5011,3,0,몰스킨2026다이어리,PNA38321,
PT0716,3,0,내추럴노트,PNA38561,
PT4277,3,0,심볼릭스테들러:형광펜4종세트,PNA50148,
PT2465,3,0,드레스업손거울,PNA50153,
PT2467,3,0,드레스업손거울,PNA50153,
PT1511,3,0,유니크디퓨저[1],PNA50185,
PT2569,3,0,유니크디퓨저[1],PNA50185,
PT1506,3,0,유니크디퓨저[1],PNA50185,
PT3668,3,0,유니크디퓨저[1],PNA50185,
PT2692,3,0,유니크디퓨저[1],PNA50185,
PT2558,3,0,에디션골프공6구,PNA50201,
PT2595,3,0,풀커버스프링노트,PNA50217,
PT3617,3,0,풀커버스프링노트,PNA50217,
PT1746,3,0,풀커버스프링노트,PNA50217,
PT5025,3,0,시그니처다이어리(그레이)[1],PNA50328,
PT4918,3,0,챔피언피규어트로피,PNA50359,
PT1845,3,0,홈카페코스터,PNA50386,
PT1722,3,0,포시즌블랭킷(무릎담요),PNA50419,
PT1102,3,0,소프트터치블루투스키보드,PNA50422,
PT0694,3,0,그래픽에코백,PNA50493,
PT1642,3,0,클래시차량용방향제,PNA50506,
PT3741,3,0,라미사파리펜(볼펜),PNA50530,
PT0801,3,0,라미사파리펜(볼펜),PNA50530,
PT0799,3,0,라미사파리펜(볼펜),PNA50530,
PT4662,3,0,베이직무선충전마우스패드[1],PNA50744,
PT5199,3,0,브릭메모&캘린더스탠드2.0,PNA50803,
PT3219,3,0,더블업트래블파우치(Large)_단품,PNA50816,
PT4163,3,0,하이업노트북폴딩스탠드,PNA50892,
PT3619,3,0,클리어리유저블컵(스탠다드),PNA51014,
PT4786,3,0,해피웨이런치백(단품),PNA51015,
PT4774,3,0,해피웨이런치백(단품),PNA51015,
PT1140,3,0,스탠드-업칫솔,PNA51032,
PT4624,3,0,카드트레이피규어세트,PNA51081,
PT4542,3,0,헬로 카드형 USB,PNA51083,
PT4496,3,0,헬로 카드형 USB,PNA51083,
PT5109,3,0,킵세이프마그넷배터리Max,PNA51105,
PT3725,3,0,미니가든피규어세트[1],PNA51224,
PT2092,3,0,리마커블 칫솔살균기,PNA51328,
PT3279,3,0,액티브스포츠타월,PNA51346,
PT4253,3,0,Brandfit커스텀쇼핑백,PNA51357,
PT5012,3,0,몰스킨 데일리 노트,PNA51400,
PT5010,3,0,몰스킨 데일리 노트,PNA51400,
PT5378,3,0,심볼 NFC 키링 [1],PNA51426,
PT3930,3,0,스탠딩 휴대용 선풍기 | LUMENA,PNA51681,
PT3253,3,0,프라우드 메모패드,PNA51700,
PT5372,3,0,스탠바이 빅팬선풍기,PNA51737,
PT5365,3,0,스탠바이 빅팬선풍기,PNA51737,
PT5377,3,0,스탠바이 빅팬선풍기,PNA51737,
PT5285,3,0,아트워크 타월,PNA51737,
PT5284,3,0,아트워크 타월,PNA51737,
PT4565,3,0,브랜드팝 클리어 키링,PNA51792,
PT5383,3,0,슬림 터보선풍기,PNA51873,
PT5300,3,0,솔리드 레디백,PNA51902,
PT5280,3,0,솔리드 레디백,PNA51902,
PT5252,3,0,솔리드 레디백,PNA51902,
PT1365,2,2,애드온뱃지,PNA37967,
PT3645,2,2,Stationery페이퍼박스,PNA38378,
PT5295,2,2,모먼트 골드스파클 [1],PNA51914,
PT5433,2,2,Lite 스트랩 박스,PNA52023,
PT0614,2,1,Solid커스텀G형박스(S사이즈),PNA36861,
PT0564,2,1,RE:CUP(리컵)_12oz,PNA37721,
PT1696,2,1,퍼블랭킷(무릎담요),PNA38134,
PT0677,2,1,그래픽에코백,PNA38223,
PT3035,2,1,Tailored스트랩박스:지지박스,PNA38280,
PT3981,2,1,라이트캘린더,PNA38378,
PT3615,2,1,굿스타트슈즈백(키트),PNA50131,
PT3682,2,1,오토매틱와인오프너,PNA50134,
PT1393,2,1,에디션골프공6구,PNA50201,
PT4937,2,1,슈가케인펜,PNA50314,
PT1021,2,1,브랜드스트랩단우산,PNA50669,
PT1223,2,1,스펙트럼컬러펜,PNA50830,
PT3657,2,1,스트레치사원증홀더,PNA50938,
PT4025,2,1,굿데이볼캡,PNA50986,
PT1805,2,1,플레인USB,PNA51052,
PT5068,2,1,아임히어리플렉터키링,PNA51296,
PT1513,2,1,미니가든 피규어 세트 [2],PNA51493,
PT3817,2,1,인마이백 피크닉매트,PNA51501,
PT1013,2,1,브랜드 스트랩 단우산,PNA51547,
PT2464,2,1,드레스업 손거울,PNA51588,
PT5165,2,1,모뉴먼트 블랙 트로피,PNA51724,
PT5374,2,1,스탠바이 빅팬선풍기,PNA51737,
PT3810,2,1,인마이백 피크닉매트,PNA51907,
PT1849,2,1,홈카페 코스터,PNA51935,
PT1801,2,1,페이퍼샤쉐[3],PNA51952,
PT5155,2,1,챔피언 피규어 트로피_추가제작,PNA51954,
PT3254,2,0,프라우드메모패드(블랙),PNA36940,
PT3255,2,0,프라우드메모패드(블랙),PNA36940,
PT4798,2,0,밀크에코컵,PNA37408,
PT1370,2,0,애드온뱃지,PNA37519,
PT1665,2,0,클립아트펜,PNA37892,
PT1666,2,0,클립아트펜,PNA37892,
PT1888,2,0,디자이너노트,PNA37955,
PT0779,2,0,디자이너노트,PNA37955,
PT1859,2,0,디자이너노트,PNA37955,
PT0992,2,0,버티컬무선충전패드,PNA37955,
PT4333,2,0,히트업손난로보조배터리,PNA38117,
PT4372,2,0,히트업손난로보조배터리,PNA38117,
PT4330,2,0,히트업손난로보조배터리,PNA38117,
PT3151,2,0,미니멀스텐머그,PNA38162,
PT1494,2,0,Open페이퍼박스(커스텀/Small),PNA38213,
PT4907,2,0,심볼아크릴트로피[1],PNA38213,
PT4348,2,0,에센셜장우산(실버),PNA38223,
PT4351,2,0,에센셜장우산(실버),PNA38223,
PT1427,2,0,프리미엄스트링후드집업(F/W)_추가제작,PNA38256,
PT5172,2,0,아너월넛트로피,PNA38326,
PT5185,2,0,아너월넛트로피,PNA38326,
PT5182,2,0,아너월넛트로피,PNA38326,
PT5177,2,0,아너월넛트로피,PNA38326,
PT3203,2,0,Carryme와인잔(2입),PNA38406,
PT0457,2,0,Carryme와인잔(2입),PNA38406,
PT3707,2,0,트래블2in1목베개,PNA38535,
PT3305,2,0,트래블2in1목베개,PNA38535,
PT3306,2,0,트래블2in1목베개,PNA38535,
PT3311,2,0,트래블2in1목베개,PNA38535,
PT3758,2,0,내추럴노트,PNA38561,
PT2682,2,0,내추럴노트,PNA38561,
PT4995,2,0,몰스킨2026다이어리,PNA50037,
PT3696,2,0,모바일오피스파우치,PNA50052,
PT0891,2,0,모바일오피스파우치,PNA50052,
PT5027,2,0,시그니처다이어리(그레이),PNA50080,
PT2817,2,0,어텐션스포츠보틀,PNA50131,
PT2725,2,0,드레스업손거울,PNA50153,
PT3604,2,0,슈가케인펜,PNA50165,
PT4936,2,0,슈가케인펜,PNA50165,
PT3064,2,0,유니크디퓨저[1],PNA50185,
PT3067,2,0,유니크디퓨저[1],PNA50185,
PT3565,2,0,유니크디퓨저[1],PNA50185,
PT3056,2,0,유니크디퓨저[1],PNA50185,
PT3589,2,0,에디션골프공6구,PNA50201,
PT3646,2,0,에디션골프공6구,PNA50201,
PT2026,2,0,브랜드-잇,PNA50214,
PT4353,2,0,에센셜장우산(실버),PNA50241,
PT0696,2,0,그립잇,PNA50282,
PT4893,2,0,챔피언피규어트로피,PNA50359,
PT3884,2,0,주차번호판피규어세트,PNA50361,
PT4528,2,0,주차번호판피규어세트,PNA50361,
PT2666,2,0,홈카페코스터,PNA50386,
PT1207,2,0,스펙트럼컬러펜,PNA50417,
PT4252,2,0,Brandfit커스텀쇼핑백[1],PNA50437,
PT1675,2,0,톤앤톤쿨러백(단품),PNA50453,
PT4543,2,0,디스플레이피규어세트,PNA50481,
PT4544,2,0,디스플레이피규어세트,PNA50481,
PT0689,2,0,그래픽에코백,PNA50493,
PT1624,2,0,클래시차량용방향제,PNA50506,
PT3625,2,0,클래시차량용방향제,PNA50506,
PT2505,2,0,라미사파리펜(볼펜),PNA50530,
PT3717,2,0,프리미엄스트링후드집업(F/W),PNA50539,
PT1421,2,0,프리미엄스트링후드집업(F/W),PNA50539,
PT4248,2,0,베이직도킹형보조배터리,PNA50602,
PT4738,2,0,월드와이드멀티어댑터,PNA50602,
PT3089,2,0,쇼핑백,PNA50732,
PT3642,2,0,뮤지엄머그,PNA50747,
PT5143,2,0,파카조터XL볼펜,PNA50779,
PT5145,2,0,파카조터XL볼펜,PNA50779,
PT5117,2,0,파카조터XL볼펜,PNA50779,
PT5130,2,0,파카조터XL볼펜,PNA50779,
PT2898,2,0,내추럴노트,PNA50803,
PT1999,2,0,Reinvent슬리브박스,PNA50806,
PT3752,2,0,Reinvent슬리브박스,PNA50806,
PT0577,2,0,Reinvent슬리브박스,PNA50806,
PT2710,2,0,Reinvent슬리브박스,PNA50806,
PT3059,2,0,유니크디퓨저,PNA50923,
PT2773,2,0,리틀빅리유저블컵(반투명.아이보리)[1],PNA50928,
PT3649,2,0,어텐션스포츠보틀,PNA50934,
PT4267,2,0,플러스멀티충전스테이션,PNA50944,
PT4263,2,0,플러스멀티충전스테이션,PNA50944,
PT4278,2,0,플러스멀티충전스테이션,PNA50944,
PT4571,2,0,브랜드팝클리어키링[1],PNA50952,
PT4736,2,0,월드와이드멀티어댑터,PNA50964,
PT4776,2,0,해피웨이런치백(단품),PNA51015,
PT4787,2,0,해피웨이런치백(단품),PNA51015,
PT4777,2,0,해피웨이런치백(단품),PNA51015,
PT4789,2,0,해피웨이런치백(단품),PNA51015,
PT3266,2,0,모먼트일회용카메라,PNA51025,
PT3268,2,0,모먼트일회용카메라,PNA51025,
PT3269,2,0,모먼트일회용카메라,PNA51025,
PT3705,2,0,모먼트일회용카메라,PNA51025,
PT3267,2,0,모먼트일회용카메라,PNA51025,
PT3185,2,0,더블업 트래블 파우치,PNA51050,
PT4491,2,0,셀렉티브전동오프너&와인잔세트,PNA51079,
PT0812,2,0,라미사파리펜(만년필),PNA51088,
PT1969,2,0,라미사파리펜(만년필),PNA51088,
PT2507,2,0,라미사파리펜(만년필),PNA51088,
PT5112,2,0,킵세이프마그넷배터리Max,PNA51105,
PT0690,2,0,그래픽에코백,PNA51176,
PT5249,2,0,데일리칫솔살균기|아이리버,PNA51213,
PT5248,2,0,데일리칫솔살균기|아이리버,PNA51213,
PT5279,2,0,데일리칫솔살균기|아이리버,PNA51213,
PT5306,2,0,데일리칫솔살균기|아이리버,PNA51213,
PT5244,2,0,데일리칫솔살균기|아이리버,PNA51213,
PT5246,2,0,데일리칫솔살균기|아이리버,PNA51213,
PT1516,2,0,미니가든피규어세트[1],PNA51224,
PT1023,2,0,브랜드스트랩단우산,PNA51247,
PT1748,2,0,풀커버 스프링노트,PNA51375,
PT5221,2,0,아이덴티티 스티커팩,PNA51379,
PT4847,2,0,아이콘 케이블홀더 세트 [1],PNA51398,
PT3931,2,0,스탠딩 휴대용 선풍기,PNA51406,
PT4170,2,0,심볼릭스테들러:필기구4종세트,PNA51417,
PT4621,2,0,카드트레이 피규어 세트,PNA51423,
PT5242,2,0,미니어처 NFC 키링,PNA51445,
PT3685,2,0,Carry me 와인잔,PNA51501,
PT4567,2,0,브랜드팝 클리어 키링,PNA51584,
PT1565,2,0,컬러풀 노트패드,PNA51618,
PT5288,2,0,모바일오피스파우치2.0,PNA51636,
PT1635,2,0,클래시차량용방향제,PNA51696,
PT3256,2,0,프라우드 메모패드,PNA51700,
PT5360,2,0,하우스 핸드타월,PNA51712,
PT5364,2,0,하우스 핸드타월,PNA51712,
PT5385,2,0,슬림 터보선풍기,PNA51820,
PT4558,2,0,팝업스토어 피규어 세트,PNA51891,
PT4508,2,0,팝업스토어 피규어 세트,PNA51891,
PT4557,2,0,팝업스토어 피규어 세트,PNA51891,
PT4509,2,0,팝업스토어 피규어 세트,PNA51891,
PT3281,2,0,액티브 스포츠 타월,PNA51970,
PT5369,2,0,어반 스텐 런치박스,PNA51993,
PT5381,2,0,어반 스텐 런치박스,PNA51993,
PT5367,2,0,어반 스텐 런치박스,PNA51993,
PT5366,2,0,어반 스텐 런치박스,PNA51993,
PT4607,2,0,샤인 미러 키링,PNA52041,
PT4578,2,0,샤인 미러 키링,PNA52041,
PT4582,2,0,샤인 미러 키링,PNA52041,
PT4608,2,0,샤인 미러 키링,PNA52041,
PT5384,2,0,슬림 터보선풍기,PNA52119,
PT1054,2,0,굿이너프 비치타월 [1],PNA52266,
PT1842,1,1,홈카페코스터,PNA37701,
PT2865,1,1,페이퍼링캘린더,PNA38081,
PT1731,1,1,폴더블텀블러,PNA38114,
PT1376,1,1,어썸그립,PNA38156,
PT2618,1,1,포시즌블랭킷(무릎담요),PNA38235,
PT5268,1,1,미르텀블러,PNA40489,
PT5190,1,1,웜업스트링후드집업,PNA50032,
PT4622,1,1,카드트레이피규어세트[2],PNA50091,
PT4537,1,1,헬로카드형USB,PNA50163,
PT2459,1,1,유니크디퓨저,PNA50181,
PT4500,1,1,헬로카드형USB,PNA50192,
PT1209,1,1,스펙트럼컬러펜,PNA50194,
PT1632,1,1,클래시차량용방향제,PNA50216,
PT1402,1,1,에디트캘린더,PNA50285,
PT2987,1,1,보관,PNA50419,
PT0531,1,1,Open페이퍼박스(커스텀/Small),PNA50484,
PT3655,1,1,Start틴케이스,PNA50578,
PT4307,1,1,그래픽배너대용량보조배터리,PNA50586,
PT4476,1,1,스탠리슬림보틀,PNA50628,
PT2387,1,1,디자이너노트,PNA50728,
PT1810,1,1,플레인USB,PNA50735,
PT4419,1,1,브랜디드피규어,PNA50931,
PT1913,1,1,컬러풀노트패드,PNA51039,
PT1550,1,1,클라우드피크닉매트(1인용),PNA51053,
PT4797,1,1,밀크에코컵,PNA51101,
PT2822,1,1,레디고런치박스,PNA51178,
PT1381,1,1,에디션골프공6구,PNA51282,
PT3796,1,1,슬로건 맨투맨,PNA51288,
PT3988,1,1,굿데이 볼캡,PNA51311,
PT3811,1,1,인마이백 피크닉매트,PNA51494,
PT1290,1,1,긴급,PNA51527,
PT3632,1,1,아쿠아스노클링마스크,PNA51543,
PT3848,1,1,미스트 워터보틀,PNA51619,
PT3697,1,1,레더라벨 캠핑체어,PNA51689,
PT4598,1,1,슈가케인 텀블러,PNA51834,
PT5394,1,1,슬림 터보선풍기,PNA51838,
PT4775,1,1,해피웨이 런치백,PNA51933,
PT5283,1,1,미니어처 NFC 키링,PNA51985,
PT3176,1,1,아쿠아 스노클링 마스크,PNA52026,
PT4589,1,1,라이트 샤오미펜,PNA52045,
PT4585,1,1,샤인 미러 키링,PNA52179,
PT5255,1,1,스테이 텀블러,PNA52179,
PT2715,1,1,굿이너프 비치타월,PNA52250,
PT1395,1,1,프레젠트 골프공 3구,PNA52357,
PT3557,1,0,RE:CUP(리컵)_12oz,PNA37721,
PT3620,1,0,RE:CUP(리컵)_12oz,PNA37721,
PT2705,1,0,RE:CUP(리컵)_12oz,PNA37721,
PT1800,1,0,페이퍼샤쉐,PNA37848,
PT1697,1,0,퍼블랭킷(무릎담요),PNA38134,
PT3762,1,0,퍼블랭킷(무릎담요),PNA38134,
PT2588,1,0,퍼블랭킷(무릎담요),PNA38134,
PT0857,1,0,리유저블캘린더,PNA38136,
PT1361,1,0,애드온뱃지,PNA38223,
PT1428,1,0,프리미엄스트링후드집업(F/W)_추가제작,PNA38256,
PT1967,1,0,디자이너노트,PNA38261,
PT4991,1,0,몰스킨2026다이어리,PNA38321,
PT5176,1,0,아너월넛트로피,PNA38326,
PT3201,1,0,Carryme와인잔(2입),PNA38406,
PT5050,1,0,시그니처다이어리(그레이),PNA38411,
PT0700,1,0,그립잇,PNA38561,
PT2899,1,0,내추럴노트,PNA38561,
PT2237,1,0,브랜디드노트북백,PNA50013,
PT2257,1,0,아트워크레더다이어리,PNA50024,
PT4984,1,0,몰스킨2026다이어리,PNA50037,
PT3226,1,0,굿스타트슈즈백(키트),PNA50131,
PT3179,1,0,굿스타트슈즈백(키트),PNA50131,
PT3178,1,0,굿스타트슈즈백(키트),PNA50131,
PT4862,1,0,오토매틱와인오프너,PNA50134,
PT2564,1,0,오토매틱와인오프너,PNA50134,
PT1208,1,0,스펙트럼컬러펜,PNA50137,
PT4010,1,0,심볼릭스테들러:형광펜4종세트,PNA50148,
PT1197,1,0,스펙트럼컬러펜,PNA50214,
PT1743,1,0,풀커버스프링노트,PNA50217,
PT2057,1,0,데스크테리어매트(대형),PNA50237,
PT0702,1,0,그립잇,PNA50282,
PT0990,1,0,버티컬무선충전패드,PNA50334,
PT4685,1,0,밸류무선충전마우스패드,PNA50377,
PT4524,1,0,디스플레이피규어세트,PNA50481,
PT5197,1,0,브릭메모&캘린더스탠드2.0,PNA50484,
PT5230,1,0,브릭메모&캘린더스탠드2.0,PNA50484,
PT4650,1,0,클래시차량용방향제,PNA50506,
PT4651,1,0,클래시차량용방향제,PNA50506,
PT1637,1,0,클래시차량용방향제,PNA50506,
PT1636,1,0,클래시차량용방향제,PNA50506,
PT1625,1,0,클래시차량용방향제,PNA50506,
PT0797,1,0,라미사파리펜(볼펜),PNA50530,
PT2626,1,0,프리미엄스트링후드집업(F/W),PNA50539,
PT1420,1,0,프리미엄스트링후드집업(F/W),PNA50539,
PT3901,1,0,리멤버탁상시계,PNA50558,
PT3902,1,0,리멤버탁상시계,PNA50558,
PT1202,1,0,스펙트럼컬러펜,PNA50570,
PT2332,1,0,예치금,PNA50608,
PT0652,1,0,예치금,PNA50608,
PT2363,1,0,데스크테리어매트(기본형),PNA50640,
PT5137,1,0,커넥트6in1케이블키트,PNA50652,
PT3838,1,0,테크미니파우치,PNA50697,
PT1772,1,0,프레젠트골프공3구,PNA50697,
PT4906,1,0,심볼아크릴트로피,PNA50702,
PT0678,1,0,그래픽 에코백,PNA50725,
PT5065,1,0,아임히어리플렉터키링,PNA50731,
PT4276,1,0,심볼릭스테들러:파인라이너4종세트,PNA50738,
PT4294,1,0,심볼릭스테들러:파인라이너4종세트,PNA50738,
PT4292,1,0,심볼릭스테들러:파인라이너4종세트,PNA50738,
PT4171,1,0,심볼릭스테들러:파인라이너4종세트,PNA50738,
PT0915,1,0,뮤지엄머그,PNA50747,
PT1250,1,0,슬로건다이어리(커스텀/1000권이상),PNA50799,
PT1260,1,0,슬로건다이어리(커스텀/1000권이상),PNA50799,
PT2726,1,0,슬로건다이어리(커스텀/1000권이상),PNA50799,
PT2671,1,0,슬로건다이어리(커스텀/1000권이상),PNA50799,
PT1243,1,0,슬로건다이어리(커스텀/1000권이상),PNA50799,
PT2982,1,0,슬로건다이어리(커스텀/1000권이상),PNA50799,
PT3788,1,0,스테인리스빨대,PNA50806,
PT1153,1,0,스테인리스빨대,PNA50806,
PT1150,1,0,스테인리스빨대,PNA50806,
PT2508,1,0,스테인리스빨대,PNA50806,
PT3748,1,0,스테인리스빨대,PNA50806,
PT1151,1,0,스테인리스빨대,PNA50806,
PT2776,1,0,리틀빅리유저블컵(블루.그린.옐로우.카키),PNA50821,
PT2041,1,0,Quality슬리브박스,PNA50892,
PT3050,1,0,유니크디퓨저,PNA50923,
PT0698,1,0,그립잇,PNA50924,
PT2600,1,0,프리미엄 린넨샤쉐,PNA50924,
PT3628,1,0,프리미엄 린넨샤쉐,PNA50924,
PT1798,1,0,프리미엄 린넨샤쉐,PNA50924,
PT4602,1,0,프리미엄 린넨샤쉐,PNA50924,
PT2772,1,0,리틀빅리유저블컵(반투명.아이보리)[2],PNA50928,
PT4856,1,0,어텐션스포츠보틀[2],PNA50934,
PT4865,1,0,어텐션스포츠보틀[2],PNA50934,
PT4870,1,0,어텐션스포츠보틀[2],PNA50934,
PT2510,1,0,펠트백,PNA50995,
PT2612,1,0,펠트백,PNA50995,
PT3637,1,0,펠트백,PNA50995,
PT4562,1,0,브랜드팝클리어키링,PNA51036,
PT5234,1,0,미니어처NFC키링,PNA51037,
PT5307,1,0,미니어처NFC키링,PNA51037,
PT5198,1,0,브릭메모&캘린더스탠드2.0,PNA51037,
PT4114,1,0,라이트캘린더,PNA51073,
PT3982,1,0,라이트캘린더,PNA51073,
PT4178,1,0,라이트캘린더,PNA51073,
PT4177,1,0,라이트캘린더,PNA51073,
PT4494,1,0,헬로 카드형 USB,PNA51083,
PT0790,1,0,라미사파리펜(만년필),PNA51088,
PT2504,1,0,라미사파리펜(만년필),PNA51088,
PT1804,1,0,플레인USB,PNA51088,
PT2920,1,0,Tailored스트랩박스:지지박스,PNA51094,
PT2986,1,0,Tailored스트랩박스:지지박스,PNA51094,
PT2930,1,0,Tailored스트랩박스:지지박스,PNA51094,
PT2963,1,0,Tailored스트랩박스:지지박스,PNA51094,
PT3039,1,0,Tailored스트랩박스:지지박스,PNA51094,
PT4833,1,0,Solid커스텀G형박스(L사이즈),PNA51099,
PT3404,1,0,웜업 스트링 후드집업,PNA51150,
PT1419,1,0,웜업 스트링 후드집업,PNA51150,
PT5191,1,0,웜업 스트링 후드집업,PNA51150,
PT3639,1,0,웜업 스트링 후드집업,PNA51150,
PT3408,1,0,웜업 스트링 후드집업,PNA51150,
PT3413,1,0,웜업 스트링 후드집업,PNA51150,
PT3989,1,0,굿데이볼캡,PNA51152,
PT3991,1,0,굿데이볼캡,PNA51152,
PT3997,1,0,굿데이볼캡,PNA51152,
PT3995,1,0,굿데이볼캡,PNA51152,
PT3900,1,0,리멤버탁상시계,PNA51182,
PT3060,1,0,유니크 디퓨저,PNA51205,
PT3052,1,0,유니크 디퓨저,PNA51205,
PT4237,1,0,베이직도킹형보조배터리,PNA51218,
PT1241,1,0,시그니처 다이어리,PNA51223,
PT1903,1,0,디자이너 노트,PNA51270,
PT5100,1,0,오아시스 미니 마사지건,PNA51275,
PT4482,1,0,스탠리 슬림 보틀,PNA51286,
PT5269,1,0,미르(MiiR)텀블러(16oz),PNA51301,
PT5097,1,0,오아시스 미니 마사지건,PNA51315,
PT2287,1,0,포터블 피크닉 롤테이블,PNA51319,
PT3676,1,0,포터블 피크닉 롤테이블,PNA51319,
PT2288,1,0,포터블 피크닉 롤테이블,PNA51319,
PT2292,1,0,포터블 피크닉 롤테이블,PNA51319,
PT2242,1,0,포터블 피크닉 롤테이블,PNA51319,
PT5175,1,0,아너월넛트로피,PNA51340,
PT4386,1,0,글로시 키링,PNA51345,
PT3634,1,0,글로시 키링,PNA51345,
PT0711,1,0,글로시 키링,PNA51345,
PT0710,1,0,글로시 키링,PNA51345,
PT0709,1,0,글로시 키링,PNA51345,
PT4388,1,0,글로시 키링,PNA51345,
PT4385,1,0,글로시 키링,PNA51345,
PT2937,1,0,하이킹폴딩방석,PNA51368,
PT5064,1,0,아임히어 리플렉터 키링,PNA51373,
PT3069,1,0,클래시 차량용 방향제,PNA51480,
PT5054,1,0,브랜디드 피규어 키링,PNA51483,
PT5057,1,0,브랜디드 피규어 키링,PNA51483,
PT5056,1,0,브랜디드 피규어 키링,PNA51483,
PT5053,1,0,브랜디드 피규어 키링,PNA51483,
PT2946,1,0,하이킹 폴딩방석,PNA51486,
PT5196,1,0,브릭 메모&캘린더 스탠드 2.0,PNA51504,
PT0581,1,0,Simple 슬라이드 지퍼백,PNA51559,
PT1418,1,0,프리미엄 스트링 후드집업,PNA51579,
PT1426,1,0,프리미엄 스트링 후드집업,PNA51579,
PT1415,1,0,프리미엄 스트링 후드집업,PNA51579,
PT1704,1,0,페이머스 캡슐보틀,PNA51652,
PT2589,1,0,페이머스 캡슐보틀,PNA51652,
PT3731,1,0,페이머스 캡슐보틀,PNA51652,
PT1661,1,0,클립아트펜,PNA51655,
PT5111,1,0,킵세이프 마그넷 배터리 Max,PNA51658,
PT0869,1,0,마그넷 오프너,PNA51662,
PT2546,1,0,스트레치 사원증 홀더,PNA51671,
PT1163,1,0,스트레치 사원증 홀더,PNA51671,
PT1165,1,0,스트레치 사원증 홀더,PNA51671,
PT5049,1,0,시그니처 다이어리,PNA51675,
PT1721,1,0,포시즌 블랭킷,PNA51676,
PT1726,1,0,포시즌 블랭킷,PNA51676,
PT1633,1,0,클래시차량용방향제,PNA51696,
PT1623,1,0,클래시차량용방향제,PNA51696,
PT4647,1,0,클래시차량용방향제,PNA51696,
PT5168,1,0,모뉴먼트 블랙 트로피,PNA51743,
PT5181,1,0,모뉴먼트 블랙 트로피,PNA51743,
PT5163,1,0,모뉴먼트 블랙 트로피,PNA51743,
PT3558,1,0,센텐스 펜,PNA51767,
PT4675,1,0,밸류 무선충전 마우스패드,PNA51779,
PT4674,1,0,밸류 무선충전 마우스패드,PNA51779,
PT1650,1,0,클립 아트펜,PNA51780,
PT5195,1,0,브릭 메모&캘린더 스탠드 2.0,PNA51792,
PT4535,1,0,헬로 카드형 USB,PNA51795,
PT0693,1,0,그래픽 에코백,PNA51805,
PT0682,1,0,그래픽 에코백,PNA51805,
PT1358,1,0,애드온 뱃지,PNA51805,
PT3284,1,0,액티브 스포츠 타월,PNA51808,
PT4513,1,0,디스플레이 피규어 세트,PNA51841,
PT4521,1,0,디스플레이 피규어 세트,PNA51841,
PT4514,1,0,디스플레이 피규어 세트,PNA51841,
PT4506,1,0,팝업스토어 피규어 세트,PNA51891,
PT0456,1,0,Carry me 와인잔,PNA51893,
PT3202,1,0,Carry me 와인잔,PNA51893,
PT0687,1,0,그래픽 에코백,PNA51897,
PT0691,1,0,그래픽 에코백,PNA51897,
PT1960,1,0,매트블랙 텀블러,PNA51904,
PT0882,1,0,매트블랙 텀블러,PNA51904,
PT2404,1,0,매트블랙 텀블러,PNA51904,
PT5262,1,0,컴포트 스텐머그,PNA51914,
PT1847,1,0,홈카페 코스터,PNA51935,
PT1846,1,0,홈카페 코스터,PNA51935,
PT2466,1,0,드레스업 손거울,PNA51982,
PT0814,1,0,라미 사파리 펜,PNA51997,
PT5376,1,0,스탠바이 빅팬선풍기,PNA52026,
PT2622,1,0,매트블랙 텀블러,PNA52042,
PT5066,1,0,아임히어 리플렉터 키링,PNA52050,
PT5247,1,0,데일리 칫솔살균기 | 아이리버,PNA52082,
PT4505,1,0,팝업스토어 피규어 세트,PNA52100,
PT4660,1,0,베이직 무선충전 마우스패드,PNA52104,
PT4088,1,0,올데이 텀블러,PNA52105,
PT4084,1,0,올데이 텀블러,PNA52105,
PT5400,1,0,올데이 텀블러,PNA52105,
PT5402,1,0,올데이 텀블러,PNA52105,
PT1713,1,0,페이퍼 샤쉐,PNA52116,
PT4350,1,0,에센셜 장우산,PNA52138,
PT0916,1,0,뮤지엄 머그,PNA52160,
PT0914,1,0,뮤지엄 머그,PNA52160,
PT5386,1,0,슬림 터보선풍기 [1],PNA52215,
PT4828,1,0,칠링패드 냉각선풍기,PNA52229,
PT1857,1,0,페이퍼 샤쉐,PNA52237,
PT1014,1,0,브랜드 스트랩 단우산,PNA52248,
PT2526,1,0,브랜드 스트랩 단우산,PNA52248,
PT1016,1,0,브랜드 스트랩 단우산,PNA52248,
PT1022,1,0,브랜드 스트랩 단우산,PNA52248,
PT4536,1,0,헬로 카드형 USB,PNA52270,
PT1216,1,0,스펙트럼 컬러펜,PNA52317,
PT5356,1,0,하우스 핸드타월,PNA52320,
PT2647,1,0,톤앤톤 쿨러백,PNA52338,
PT2158,1,0,스타트 씨드키트,PNA52356,
PT3647,1,0,바이브 캠핑쿨러,PNA52386,
PT3206,1,0,바이브 캠핑쿨러,PNA52386,
PT3211,1,0,바이브 캠핑쿨러,PNA52386,
PT4908,1,0,심볼 아크릴 트로피,PNA52410,
PT5392,1,0,슬림 터보선풍기,PNA52421,
PT5390,1,0,슬림 터보선풍기,PNA52421,
PT3852,1,0,인마이백 피크닉매트,PNA52424,
PT3812,1,0,인마이백 피크닉매트,PNA52424,
PT3847,1,0,인마이백 피크닉매트,PNA52424,
PT5375,1,0,스탠바이 빅팬선풍기,PNA52466,
PT5410,1,0,에브리 폴더블 멀티충전기,PNA52484,
PT5416,1,0,에브리 폴더블 멀티충전기,PNA52484,
PT5411,1,0,에브리 폴더블 멀티충전기,PNA52484,
PT5408,1,0,에브리 폴더블 멀티충전기,PNA52484,
PT5437,1,0,킵세이프 마그넷 배터리 Lite,PNA52484,
PT5436,1,0,킵세이프 마그넷 배터리 Lite,PNA52484,
PT5432,1,0,킵세이프 마그넷 배터리 Lite,PNA52484,
PT1646,1,0,에디션 골프공 6구,PNA52518,
