PT코드,차단단위수,단독차단수,예시_굿즈명,WMS_sync_parts,Sincerely_규격_참고,분류,규격_입력(가로x세로x높이mm)
PT4424,90,19,브랜디드피규어키링,부재(레코드추가),,실측필요,
PT4421,80,15,브랜디드피규어,부재(레코드추가),,실측필요,
PT4894,61,6,스펙트럼컬러펜,부재(레코드추가),,실측필요,
PT3708,60,10,스펙트럼컬러펜,존재(규격공백),,실측필요,
PT3576,57,6,스펙트럼컬러펜,존재(규격공백),,실측필요,
PT2402,55,4,스펙트럼컬러펜,부재(레코드추가),,실측필요,
PT4432,54,12,브랜디드피규어,부재(레코드추가),75x105,2D_P1파서필요,
PT4422,51,12,브랜디드피규어,부재(레코드추가),,실측필요,
PT4464,45,6,브랜디드피규어,존재(규격공백),,실측필요,
PT0535,33,6,Passion더스트백(반투명M),부재(레코드추가),,실측필요,
PT1492,30,7,브릭메모&캘린더스탠드,부재(레코드추가),128x202,2D_P1파서필요,
PT4733,30,6,브랜디드피규어키링,존재(규격공백),,실측필요,
PT3761,30,3,Passion더스트백(반투명M),존재(규격공백),,실측필요,
PT3691,30,2,슬로건다이어리(표준),존재(규격공백),,실측필요,
PT4728,29,6,브랜디드피규어키링,부재(레코드추가),,실측필요,
PT4431,28,4,브랜디드피규어키링,부재(레코드추가),,실측필요,
PT4613,26,1,라이트샤오미펜,존재(규격공백),,실측필요,
PT4590,26,1,라이트샤오미펜,부재(레코드추가),,실측필요,
PT3755,25,5,Solid스탠다드G형박스(L사이즈),존재(규격공백),,실측필요,
PT4113,24,5,와이드클립펜,존재(규격공백),,실측필요,
PT5124,24,2,킵세이프마그넷배터리Max,존재(규격공백),,실측필요,
PT4103,23,4,와이드클립펜,존재(규격공백),,실측필요,
PT4383,23,3,풀커버스티치노트(300개초과),존재(규격공백),,실측필요,
PT3730,23,2,레더스킨다이어리(표준),존재(규격공백),,실측필요,
PT5125,23,2,킵세이프마그넷배터리Max,존재(규격공백),,실측필요,
PT3715,22,21,Simple슬라이드지퍼백(S),존재(규격공백),,실측필요,
PT2486,22,5,Solid스탠다드G형박스(L사이즈),존재(규격공백),,실측필요,
PT3754,22,4,스탠드-업칫솔,존재(규격공백),,실측필요,
PT4274,22,2,시그니처다이어리(블랙),존재(규격공백),,실측필요,
PT4031,21,5,데일리짐색(키트),부재(레코드추가),,실측필요,
PT4083,21,4,데일리짐색(키트),존재(규격공백),,실측필요,
PT5110,20,2,킵세이프마그넷배터리Max,부재(레코드추가),,실측필요,
PT3669,20,1,브랜드-잇,존재(규격공백),,실측필요,
PT3648,19,4,Quality슬리브박스,존재(규격공백),,실측필요,
PT1138,19,4,스탠드-업칫솔,부재(레코드추가),,실측필요,
PT3689,19,3,데코스티커,존재(규격공백),,실측필요,
PT4101,19,1,와이드클립펜,부재(레코드추가),,실측필요,
PT2550,19,1,슬로건다이어리(표준),부재(레코드추가),,실측필요,
PT3641,18,15,리마커블칫솔살균기,존재(규격공백),,실측필요,
PT3735,18,6,애드온뱃지,존재(규격공백),,실측필요,
PT2373,18,2,데코스티커,부재(레코드추가),130x190,2D_P1파서필요,
PT3720,18,2,매트블랙텀블러,존재(규격공백),,실측필요,
PT4836,18,2,핸디링미니선풍기,부재(레코드추가),,실측필요,
PT4840,18,2,핸디링미니선풍기,부재(레코드추가),,실측필요,
PT2527,18,0,브랜드-잇,존재(규격공백),,실측필요,
PT4864,17,4,브랜디드타월,존재(규격공백),,실측필요,
PT4855,17,4,브랜디드타월,부재(레코드추가),,실측필요,
PT3723,17,4,메시지캐리어파우치,존재(규격공백),,실측필요,
PT4028,17,1,데일리짐색(키트),부재(레코드추가),340x435,2D_P1파서필요,
PT5140,17,1,커넥트6in1케이블키트,존재(규격공백),,실측필요,
PT3650,17,1,올웨이즈양우산,존재(규격공백),,실측필요,
PT3235,17,1,액티브스포츠타월,존재(규격공백),,실측필요,
PT3938,17,1,핸디링미니선풍기,존재(규격공백),,실측필요,
PT5108,17,0,킵세이프마그넷배터리Max,부재(레코드추가),,실측필요,
PT5103,16,3,킵세이프마그넷배터리Max,부재(레코드추가),,실측필요,
PT0851,16,2,로고스트랩파우치(키트),부재(레코드추가),290x205,2D_P1파서필요,
PT3236,16,2,액티브스포츠타월,존재(규격공백),,실측필요,
PT3287,16,1,올웨이즈양우산,부재(레코드추가),,실측필요,
PT5138,16,0,커넥트6in1케이블키트,존재(규격공백),,실측필요,
PT4606,15,5,에센셜와인오프너세트,부재(레코드추가),,실측필요,
PT4520,15,4,브릭메모&캘린더스탠드,부재(레코드추가),100x155,2D_P1파서필요,
PT4642,15,4,카드트레이피규어세트,존재(규격공백),,실측필요,
PT3840,15,4,테크미니파우치,부재(레코드추가),,실측필요,
PT2972,15,2,메시지캐리어파우치,부재(레코드추가),,실측필요,
PT4745,15,2,임팩트슬로건타월,부재(레코드추가),1000x200,2D_P1파서필요,
PT3607,15,1,로고스트랩파우치(키트),존재(규격공백),,실측필요,
PT0831,14,4,레더스킨다이어리(표준),부재(레코드추가),,실측필요,
PT3238,14,4,Solid스탠다드G형박스(M사이즈),존재(규격공백),,실측필요,
PT3149,14,3,미니멀스텐머그,부재(레코드추가),,실측필요,
PT0881,14,3,매트블랙텀블러,부재(레코드추가),,실측필요,
PT0875,14,3,매트블랙텀블러,부재(레코드추가),,실측필요,
PT0852,14,2,로고스트랩파우치(키트),부재(레코드추가),,실측필요,
PT1234,14,1,슬로건다이어리(표준),부재(레코드추가),,실측필요,
PT4363,14,1,풀커버스티치노트(300개이하),부재(레코드추가),276x200(펼침면기준),2D_P1파서필요,
PT4374,14,0,풀커버스티치노트(300개이하),부재(레코드추가),,실측필요,
PT4669,13,3,베이직무선충전마우스패드[1],부재(레코드추가),,실측필요,
PT4399,13,2,브랜드팝클리어키링,존재(규격공백),,실측필요,
PT1285,13,2,Motion스탠다드박스(Small),부재(레코드추가),,실측필요,
PT3724,13,2,트리플컬러펜∣JETSTREAM,존재(규격공백),,실측필요,
PT2673,13,2,슬로건다이어리(표준),부재(레코드추가),,실측필요,
PT4030,13,1,데일리짐색(키트),부재(레코드추가),340x435,2D_P1파서필요,
PT4473,13,1,브랜디드피규어키링,부재(레코드추가),24x16,2D_P1파서필요,
PT0847,13,0,로고스트랩파우치(키트),존재(규격공백),,실측필요,
PT4366,13,0,풀커버스티치노트(300개이하),부재(레코드추가),276x200(펼침면기준),2D_P1파서필요,
PT1232,13,0,슬로건다이어리(표준),부재(레코드추가),,실측필요,
PT4771,13,0,임팩트슬로건타월,존재(규격공백),,실측필요,
PT4772,13,0,임팩트슬로건타월,존재(규격공백),,실측필요,
PT5134,12,3,커넥트6in1케이블키트,부재(레코드추가),95x15,2D_P1파서필요,
PT4863,12,2,킵세이프마그넷배터리Slim,부재(레코드추가),,실측필요,
PT4466,12,2,스탠리데일리텀블러,존재(규격공백),,실측필요,
PT4417,12,1,스탠리데일리텀블러,부재(레코드추가),,실측필요,
PT3663,12,1,미니멀스텐머그,존재(규격공백),,실측필요,
PT4425,12,1,브랜디드피규어키링[3],부재(레코드추가),,실측필요,
PT3729,12,1,미르(MiiR)텀블러,존재(규격공백),,실측필요,
PT5147,12,1,베이직도킹형보조배터리,부재(레코드추가),,실측필요,
PT3850,12,1,테크미니파우치,존재(규격공백),,실측필요,
PT2352,12,0,Quality슬리브박스,부재(레코드추가),247x217x93 펼침 339*637,3D_복사가능,
PT2554,12,0,애드온뱃지,존재(규격공백),,실측필요,
PT0879,12,0,매트블랙텀블러,부재(레코드추가),265x65,2D_P1파서필요,
PT2403,12,0,매트블랙텀블러,존재(규격공백),,실측필요,
PT3694,11,9,Open페이퍼박스(스탠다드),존재(규격공백),,실측필요,
PT2911,11,4,하이킹폴딩방석,부재(레코드추가),385x290,2D_P1파서필요,
PT5149,11,2,클로저휴대폰스트랩(블리스터),존재(규격공백),,실측필요,
PT3387,11,1,시그니처다이어리(블랙),존재(규격공백),,실측필요,
PT4880,11,1,킵세이프마그넷배터리Slim,존재(규격공백),,실측필요,
PT3237,11,1,Solid스탠다드G형박스(M사이즈),존재(규격공백),,실측필요,
PT4618,11,1,카드트레이피규어세트,부재(레코드추가),,실측필요,
PT1132,11,0,스타일수면안대,부재(레코드추가),,실측필요,
PT3627,11,0,스타일수면안대,존재(규격공백),,실측필요,
PT1130,11,0,스타일수면안대,부재(레코드추가),200x87,2D_P1파서필요,
PT3154,11,0,미니멀스텐머그,존재(규격공백),,실측필요,
PT1676,11,0,톤앤톤쿨러백(단품),부재(레코드추가),"300x300x145
(크로스 스트랩
:30x138)",3D_복사가능,
PT4271,11,0,베이직도킹형보조배터리,존재(규격공백),,실측필요,
PT4273,11,0,베이직도킹형보조배터리,존재(규격공백),,실측필요,
PT1751,11,0,브랜드스트랩단우산,존재(규격공백),,실측필요,
PT4680,10,4,밸류무선충전마우스패드,부재(레코드추가),,실측필요,
PT5079,10,4,밸류메모큐브(S),부재(레코드추가),,실측필요,
PT2960,10,2,아이콘펜,존재(규격공백),,실측필요,
PT5276,10,2,스테이텀블러,존재(규격공백),,실측필요,
PT3286,10,2,올웨이즈양우산,부재(레코드추가),,실측필요,
PT5083,10,2,월드와이드멀티어댑터,부재(레코드추가),,실측필요,
PT4814,10,2,칠링패드냉각선풍기,존재(규격공백),,실측필요,
PT1029,10,1,브랜드-잇,부재(레코드추가),80x81 펼침 81*168,3D_복사가능,
PT3463,10,1,스탠드-업칫솔,부재(레코드추가),,실측필요,
PT4659,10,1,베이직무선충전마우스패드[1],부재(레코드추가),,실측필요,
PT1027,10,1,브랜드-잇,부재(레코드추가),80x81 펼침 81*168,3D_복사가능,
PT4945,10,1,어드벤스3단자동우산,부재(레코드추가),,실측필요,
PT4249,10,1,베이직도킹형보조배터리,부재(레코드추가),,실측필요,
PT4970,10,1,어드벤스3단자동우산,존재(규격공백),,실측필요,
PT5153,10,1,클로저휴대폰스트랩(블리스터),존재(규격공백),,실측필요,
PT4969,10,0,브릭메모&캘린더스탠드,부재(레코드추가),,실측필요,
PT4875,10,0,킵세이프마그넷배터리Slim,존재(규격공백),,실측필요,
PT4689,10,0,베이직무선충전마우스패드[1],존재(규격공백),,실측필요,
PT4690,10,0,베이직무선충전마우스패드[1],존재(규격공백),,실측필요,
PT1677,10,0,톤앤톤쿨러백(단품),부재(레코드추가),최대220x185,2D_P1파서필요,
PT3751,10,0,톤앤톤쿨러백(단품),존재(규격공백),,실측필요,
PT5037,10,0,시그니처다이어리(그레이),존재(규격공백),,실측필요,
PT4184,9,5,홀리데이네임택,존재(규격공백),,실측필요,
PT0883,9,4,매트블랙텀블러,부재(레코드추가),,실측필요,
PT4115,9,3,프라임폴더블멀티충전기,존재(규격공백),,실측필요,
PT5076,9,3,밸류메모큐브(M),부재(레코드추가),,실측필요,
PT4442,9,2,에센셜와인오프너세트,부재(레코드추가),,실측필요,
PT4739,9,2,월드와이드멀티어댑터,부재(레코드추가),,실측필요,
PT5222,9,2,아이덴티티스티커팩,부재(레코드추가),"100 x 175 mm
접었을때 100 x 140mm",3D_복사가능,
PT5052,9,2,브랜디드 피규어 키링,부재(레코드추가),,실측필요,
PT3791,9,1,아이콘펜,부재(레코드추가),,실측필요,
PT3721,9,1,아이콘펜,존재(규격공백),,실측필요,
PT4854,9,1,아이콘케이블홀더세트,존재(규격공백),,실측필요,
PT4841,9,1,아이콘케이블홀더세트,부재(레코드추가),,실측필요,
PT4235,9,1,베이직도킹형보조배터리,부재(레코드추가),,실측필요,
PT4194,9,1,하이업노트북폴딩스탠드,존재(규격공백),,실측필요,
PT5397,9,1,슬림 터보선풍기,존재(규격공백),,실측필요,
PT4569,9,0,브랜드팝클리어키링,부재(레코드추가),76x163,2D_P1파서필요,
PT1906,9,0,브랜드-잇,부재(레코드추가),,실측필요,
PT3150,9,0,미니멀스텐머그,부재(레코드추가),,실측필요,
PT4416,9,0,스탠리데일리텀블러,존재(규격공백),,실측필요,
PT2435,9,0,톤앤톤쿨러백(단품),존재(규격공백),,실측필요,
PT1678,9,0,톤앤톤쿨러백(단품),부재(레코드추가),,실측필요,
PT5254,9,0,스테이텀블러[1],부재(레코드추가),,실측필요,
PT4106,8,4,홀리데이네임택,부재(레코드추가),70x108,2D_P1파서필요,
PT0835,8,3,레더스킨다이어리(표준),부재(레코드추가),,실측필요,
PT4601,8,3,포켓마켓백,부재(레코드추가),백 310x490mm/ 포켓 60x70mm(고리제외),3D_복사가능,
PT3681,8,3,브랜드스트랩단우산,존재(규격공백),,실측필요,
PT3726,8,3,스타트씨드키트,존재(규격공백),,실측필요,
PT2685,8,2,미르(MiiR)텀블러,부재(레코드추가),,실측필요,
PT4699,8,2,밸류무선충전마우스패드,존재(규격공백),,실측필요,
PT2233,8,2,브랜디드노트북백_추가제작,부재(레코드추가),,실측필요,
PT2915,8,2,하이킹폴딩방석,부재(레코드추가),,실측필요,
PT3651,8,2,그래픽에코백,존재(규격공백),,실측필요,
PT5223,8,2,아이덴티티스티커팩,부재(레코드추가),110x160+40mm,3D_복사가능,
PT4566,8,1,브랜드팝클리어키링,부재(레코드추가),,실측필요,
PT0850,8,1,로고스트랩파우치(키트),부재(레코드추가),,실측필요,
PT2018,8,1,컬러풀노트패드(블랙),부재(레코드추가),,실측필요,
PT1461,8,1,올블랙펜,부재(레코드추가),,실측필요,
PT4966,8,1,브릭스탠드멀티충전스테이션,존재(규격공백),,실측필요,
PT4472,8,1,브랜디드피규어키링,부재(레코드추가),16x16,2D_P1파서필요,
PT1452,8,1,오피스마우스패드(스탠다드),부재(레코드추가),230x190,2D_P1파서필요,
PT4794,8,1,월드와이드멀티어댑터,존재(규격공백),,실측필요,
PT5228,8,1,브릭메모&캘린더스탠드,부재(레코드추가),90x130mm,2D_P1파서필요,
PT5229,8,1,브릭메모&캘린더스탠드2.0,부재(레코드추가),,실측필요,
PT5260,8,1,컴포트스텐머그,부재(레코드추가),Ø85 x H138 mm (용량 475ml),3D_복사가능,
PT5256,8,1,스테이텀블러,부재(레코드추가),Ø81 x H166 mm (용량 473ml),3D_복사가능,
PT4568,8,0,브랜드팝클리어키링,부재(레코드추가),최대 50x70mm,2D_P1파서필요,
PT4835,8,0,Solid커스텀G형박스(S사이즈),존재(규격공백),,실측필요,
PT4848,8,0,아이콘케이블홀더세트,존재(규격공백),,실측필요,
PT1860,8,0,브랜드-잇,부재(레코드추가),,실측필요,
PT2497,8,0,데스크테리어매트(대형),존재(규격공백),,실측필요,
PT3750,8,0,데스크테리어매트(대형),존재(규격공백),,실측필요,
PT2058,8,0,데스크테리어매트(대형),부재(레코드추가),,실측필요,
PT4167,8,0,하이업노트북폴딩스탠드,부재(레코드추가),,실측필요,
PT4183,8,0,하이업노트북폴딩스탠드,존재(규격공백),,실측필요,
PT4159,8,0,하이업노트북폴딩스탠드,부재(레코드추가),,실측필요,
PT3624,8,0,더블업트래블파우치(Small)_단품,존재(규격공백),,실측필요,
PT4747,8,0,임팩트슬로건타월,부재(레코드추가),,실측필요,
PT4755,8,0,칠링패드냉각선풍기,존재(규격공백),,실측필요,
PT3857,7,3,미스트워터보틀,부재(레코드추가),,실측필요,
PT4029,7,3,데일리짐색(키트),부재(레코드추가),340x435,2D_P1파서필요,
PT4885,7,3,챔피언피규어트로피,부재(레코드추가),부품별로 상이,기타참고,
PT3614,7,2,프라우드메모패드(블랙),존재(규격공백),,실측필요,
PT1902,7,2,페이퍼샤쉐,부재(레코드추가),,실측필요,
PT4362,7,2,Motion스탠다드박스(Small),존재(규격공백),,실측필요,
PT4300,7,2,트리플컬러펜∣JETSTREAM,부재(레코드추가),,실측필요,
PT4365,7,1,풀커버스티치노트(300개초과),부재(레코드추가),276x200(펼침면기준),2D_P1파서필요,
PT0561,7,1,Raw코튼파우치(L/XL사이즈),부재(레코드추가),,실측필요,
PT4912,7,1,파워업PD충전기65W,부재(레코드추가),,실측필요,
PT3743,7,1,디자이너노트,존재(규격공백),,실측필요,
PT4816,7,1,HighLight슬라이드지퍼백(1000개미만),존재(규격공백),,실측필요,
PT3616,7,1,굿이너프비치타월(300개이하),존재(규격공백),,실측필요,
PT5273,7,1,컴포트스텐머그,부재(레코드추가),,실측필요,
PT3606,7,1,밸류메모큐브(S),존재(규격공백),,실측필요,
PT4827,7,1,칠링패드냉각선풍기,부재(레코드추가),,실측필요,
PT3162,7,1,포시즌 티셔츠,부재(레코드추가),베이직 라운드 티셔츠,기타참고,
PT3699,7,1,포시즌 티셔츠,존재(규격공백),,실측필요,
PT4487,7,0,에센셜와인오프너세트,존재(규격공백),,실측필요,
PT4443,7,0,에센셜와인오프너세트,부재(레코드추가),,실측필요,
PT3654,7,0,올블랙펜,존재(규격공백),,실측필요,
PT3744,7,0,컬러풀노트패드(블랙),존재(규격공백),,실측필요,
PT4710,7,0,브릭스탠드멀티충전스테이션,존재(규격공백),,실측필요,
PT4950,7,0,브릭스탠드멀티충전스테이션,부재(레코드추가),,실측필요,
PT4953,7,0,브릭스탠드멀티충전스테이션,존재(규격공백),,실측필요,
PT3760,7,0,하이킹폴딩방석,존재(규격공백),,실측필요,
PT0699,7,0,그립잇,부재(레코드추가),79X79,2D_P1파서필요,
PT2901,7,0,그립잇,부재(레코드추가),,실측필요,
PT0701,7,0,그립잇,부재(레코드추가),90x90+40,3D_복사가능,
PT1451,7,0,오피스마우스패드(스탠다드),부재(레코드추가),,실측필요,
PT3702,7,0,오피스마우스패드(스탠다드),존재(규격공백),,실측필요,
PT3629,7,0,액티브스포츠타월,존재(규격공백),,실측필요,
PT5105,7,0,킵세이프마그넷배터리Max,부재(레코드추가),,실측필요,
PT5135,7,0,커넥트6in1케이블키트,부재(레코드추가),95x15,2D_P1파서필요,
PT1053,7,0,굿이너프비치타월(300개이하),부재(레코드추가),,실측필요,
PT2056,7,0,데스크테리어매트(기본형),부재(레코드추가),780x300x4T,3D_복사가능,
PT5231,7,0,브릭메모&캘린더스탠드2.0,존재(규격공백),,실측필요,
PT4829,7,0,칠링패드냉각선풍기,존재(규격공백),,실측필요,
PT5055,7,0,브랜디드 피규어 키링,부재(레코드추가),,실측필요,
PT5398,7,0,슬림 터보선풍기,존재(규격공백),,실측필요,
PT5184,6,5,아너월넛트로피,존재(규격공백),,실측필요,
PT3666,6,5,센텐스펜[1],존재(규격공백),,실측필요,
PT3165,6,4,포시즌티셔츠[1],부재(레코드추가),,실측필요,
PT2597,6,2,프라우드투톤명함지갑(레디메이드),부재(레코드추가),,실측필요,
PT3659,6,2,포시즌블랭킷(일반담요),존재(규격공백),,실측필요,
PT5233,6,2,미니어처NFC키링,부재(레코드추가),69x110mm,2D_P1파서필요,
PT2440,6,1,베케이션여권케이스,부재(레코드추가),,실측필요,
PT1715,6,1,페이퍼샤쉐,부재(레코드추가),80x80  펼침 110*195,3D_복사가능,
PT1233,6,1,시그니처다이어리(블랙),부재(레코드추가),,실측필요,
PT3904,6,1,리멤버탁상시계,부재(레코드추가),,실측필요,
PT0864,6,1,릴리프눈마사지기,부재(레코드추가),202x95x77,3D_복사가능,
PT0504,6,1,미르(MiiR)텀블러,부재(레코드추가),,실측필요,
PT4102,6,1,와이드클립펜,부재(레코드추가),,실측필요,
PT3136,6,1,포켓마켓백,부재(레코드추가),,실측필요,
PT3732,6,1,포켓마켓백,존재(규격공백),,실측필요,
PT4746,6,1,임팩트슬로건타월,부재(레코드추가),,실측필요,
PT5235,6,1,미니어처NFC키링,부재(레코드추가),80x130mm,2D_P1파서필요,
PT3280,6,1,액티브스포츠타월,부재(레코드추가),,실측필요,
PT1360,6,1,애드온 뱃지 [1],부재(레코드추가),20x20이내,2D_P1파서필요,
PT5393,6,1,슬림 터보선풍기,부재(레코드추가),,실측필요,
PT4609,6,0,브랜드팝클리어키링,존재(규격공백),,실측필요,
PT4370,6,0,풀커버스티치노트(300개초과),부재(레코드추가),,실측필요,
PT4379,6,0,풀커버스티치노트(300개초과),존재(규격공백),,실측필요,
PT4367,6,0,풀커버스티치노트(300개초과),부재(레코드추가),276x200(펼침면기준),2D_P1파서필요,
PT3640,6,0,Raw코튼파우치(L/XL사이즈),존재(규격공백),,실측필요,
PT2484,6,0,Raw코튼파우치(L/XL사이즈),존재(규격공백),,실측필요,
PT4915,6,0,파워업PD충전기65W,존재(규격공백),,실측필요,
PT3790,6,0,아이콘펜,존재(규격공백),,실측필요,
PT4298,6,0,아이콘펜,부재(레코드추가),,실측필요,
PT3661,6,0,페이퍼샤쉐,존재(규격공백),,실측필요,
PT0776,6,0,디자이너노트,부재(레코드추가),138x200mm,2D_P1파서필요,
PT3711,6,0,노트북스탠드패드,존재(규격공백),,실측필요,
PT0738,6,0,노트북스탠드패드,부재(레코드추가),,실측필요,
PT0739,6,0,노트북스탠드패드,부재(레코드추가),,실측필요,
PT4492,6,0,에센셜와인오프너세트,존재(규격공백),,실측필요,
PT4657,6,0,베이직무선충전마우스패드[1],부재(레코드추가),,실측필요,
PT4698,6,0,밸류무선충전마우스패드,존재(규격공백),,실측필요,
PT4687,6,0,밸류무선충전마우스패드,부재(레코드추가),,실측필요,
PT2529,6,0,브랜디드노트북백_추가제작,존재(규격공백),,실측필요,
PT2232,6,0,브랜디드노트북백_추가제작,부재(레코드추가),,실측필요,
PT2528,6,0,브랜디드노트북백_추가제작,존재(규격공백),,실측필요,
PT4944,6,0,어드벤스3단자동우산,부재(레코드추가),,실측필요,
PT1238,6,0,슬로건다이어리(표준),부재(레코드추가),,실측필요,
PT4809,6,0,HighLight슬라이드지퍼백(1000개미만),부재(레코드추가),,실측필요,
PT4299,6,0,트리플컬러펜∣JETSTREAM,부재(레코드추가),,실측필요,
PT4471,6,0,브랜디드피규어키링,부재(레코드추가),16x8,2D_P1파서필요,
PT4094,6,0,프라임폴더블멀티충전기,부재(레코드추가),,실측필요,
PT5275,6,0,컴포트스텐머그,존재(규격공백),,실측필요,
PT5154,6,0,밸류메모큐브(S),존재(규격공백),,실측필요,
PT5226,6,0,아이덴티티스티커팩,존재(규격공백),,실측필요,
PT4821,6,0,칠링패드냉각선풍기,부재(레코드추가),,실측필요,
PT3215,6,0,포시즌 티셔츠,부재(레코드추가),베이직 라운드 티셔츠,기타참고,
PT3658,5,5,Eco페이퍼박스(S사이즈),존재(규격공백),,실측필요,
PT3665,5,3,쇼핑백,존재(규격공백),,실측필요,
PT3497,5,2,클립아트펜,존재(규격공백),,실측필요,
PT3579,5,2,버티컬무선충전패드,존재(규격공백),,실측필요,
PT0775,5,2,디자이너노트,부재(레코드추가),138x200mm,2D_P1파서필요,
PT1841,5,2,홈카페코스터,부재(레코드추가),,실측필요,
PT1720,5,2,포시즌블랭킷(무릎담요),부재(레코드추가),1000x750,2D_P1파서필요,
PT3739,5,2,플레인USB,존재(규격공백),,실측필요,
PT2081,5,2,클리어리유저블컵(스탠다드),부재(레코드추가),,실측필요,
PT5220,5,2,아이덴티티스티커팩,부재(레코드추가),최대 80 x 80 mm,2D_P1파서필요,
PT5282,5,2,아트워크 타월,존재(규격공백),,실측필요,
PT3893,5,1,미스트워터보틀,존재(규격공백),,실측필요,
PT1981,5,1,Quality슬리브박스,부재(레코드추가),,실측필요,
PT1755,5,1,프라우드투톤명함지갑(레디메이드),부재(레코드추가),,실측필요,
PT4108,5,1,홀리데이네임택,부재(레코드추가),,실측필요,
PT4381,5,1,에센셜장우산(실버),존재(규격공백),,실측필요,
PT4724,5,1,오아시스미니마사지건,부재(레코드추가),160x140x60,3D_복사가능,
PT1211,5,1,스펙트럼컬러펜[2],존재(규격공백),,실측필요,
PT0617,5,1,Solid커스텀G형박스(L사이즈),부재(레코드추가),252x210x95  펼침645*703,3D_복사가능,
PT1106,5,1,소프트터치블루투스키보드,존재(규격공백),,실측필요,
PT2780,5,1,리틀빅리유저블컵(반투명.아이보리),부재(레코드추가),,실측필요,
PT3759,5,1,리틀빅리유저블컵(블루.그린.옐로우.카키),존재(규격공백),,실측필요,
PT1809,5,1,플레인USB,부재(레코드추가),76x101,2D_P1파서필요,
PT3706,5,0,베케이션여권케이스,존재(규격공백),,실측필요,
PT2524,5,0,베케이션여권케이스,부재(레코드추가),,실측필요,
PT3692,5,0,Tailored스트랩박스,존재(규격공백),,실측필요,
PT4391,5,0,스탠리데일리텀블러,존재(규격공백),,실측필요,
PT2581,5,0,에디션골프공6구,부재(레코드추가),,실측필요,
PT2684,5,0,미르(MiiR)텀블러,부재(레코드추가),,실측필요,
PT0502,5,0,미르(MiiR)텀블러,부재(레코드추가),,실측필요,
PT4990,5,0,몰스킨2026다이어리,부재(레코드추가),,실측필요,
PT5141,5,0,오아시스미니마사지건,존재(규격공백),,실측필요,
PT2230,5,0,브랜디드노트북백_추가제작,부재(레코드추가),,실측필요,
PT3913,5,0,리멤버탁상시계,존재(규격공백),,실측필요,
PT3899,5,0,리멤버탁상시계,존재(규격공백),,실측필요,
PT3653,5,0,브랜디드노트북백,존재(규격공백),,실측필요,
PT1235,5,0,시그니처다이어리(블랙),부재(레코드추가),,실측필요,
PT4832,5,0,Solid커스텀G형박스(L사이즈),부재(레코드추가),,실측필요,
PT2691,5,0,릴리프눈마사지기,부재(레코드추가),,실측필요,
PT3583,5,0,릴리프눈마사지기,존재(규격공백),,실측필요,
PT0865,5,0,릴리프눈마사지기,부재(레코드추가),203x133x95,3D_복사가능,
PT3722,5,0,릴리프눈마사지기,존재(규격공백),,실측필요,
PT4308,5,0,그래픽배너대용량보조배터리,부재(레코드추가),,실측필요,
PT4310,5,0,그래픽배너대용량보조배터리,부재(레코드추가),,실측필요,
PT1512,5,0,유니크디퓨저[1],부재(레코드추가),185x75x60,3D_복사가능,
PT3139,5,0,포켓마켓백,존재(규격공백),,실측필요,
PT3161,5,0,포켓마켓백,부재(레코드추가),,실측필요,
PT4162,5,0,하이업노트북폴딩스탠드,부재(레코드추가),,실측필요,
PT5212,5,0,레더스킨다이어리(표준),부재(레코드추가),,실측필요,
PT3184,5,0,더블업트래블파우치(Small)_단품,부재(레코드추가),(압축후)300x200x25,3D_복사가능,
PT3187,5,0,더블업트래블파우치(Small)_단품,부재(레코드추가),,실측필요,
PT2214,5,0,프리미엄스트링후드집업(F/W),부재(레코드추가),,실측필요,
PT5104,5,0,킵세이프마그넷배터리Max,부재(레코드추가),,실측필요,
PT5274,5,0,미니어처NFC키링,존재(규격공백),,실측필요,
PT5227,5,0,아이덴티티스티커팩,존재(규격공백),,실측필요,
PT3937,5,0,스탠딩 휴대용 선풍기,존재(규격공백),,실측필요,
PT3927,5,0,스탠딩 휴대용 선풍기,부재(레코드추가),106x207x36,3D_복사가능,
PT5391,5,0,슬림 터보선풍기,부재(레코드추가),,실측필요,
PT5302,4,4,모먼트골드스파클[1],존재(규격공백),,실측필요,
PT4895,4,3,센텐스펜[1],부재(레코드추가),,실측필요,
PT3946,4,3,Storage펄프박스,존재(규격공백),,실측필요,
PT4813,4,2,밀크에코컵,존재(규격공백),,실측필요,
PT4796,4,2,밀크에코컵,부재(레코드추가),84x89(mm),2D_P1파서필요,
PT4371,4,2,히트업손난로보조배터리,존재(규격공백),,실측필요,
PT4900,4,2,심볼아크릴트로피,부재(레코드추가),80x100x9mm / 받침대 90x50mm,3D_복사가능,
PT4026,4,2,데일리짐색(단품)[1],부재(레코드추가),,실측필요,
PT1742,4,1,풀커버스프링노트,부재(레코드추가),138x200,2D_P1파서필요,
PT4967,4,1,브릭메모&캘린더스탠드,존재(규격공백),,실측필요,
PT4713,4,1,브릭메모&캘린더스탠드,존재(규격공백),,실측필요,
PT0854,4,1,리유저블캘린더,부재(레코드추가),헤드 : 122x17mm,2D_P1파서필요,
PT3693,4,1,클립아트펜,존재(규격공백),,실측필요,
PT3703,4,1,버티컬무선충전패드,존재(규격공백),,실측필요,
PT2709,4,1,버티컬무선충전패드,부재(레코드추가),,실측필요,
PT4279,4,1,Brandfit커스텀쇼핑백,존재(규격공백),,실측필요,
PT1760,4,1,프라우드투톤명함지갑(레디메이드),부재(레코드추가),120x90+40,3D_복사가능,
PT1457,4,1,오피스마우스패드(스탠다드),부재(레코드추가),240x210,2D_P1파서필요,
PT4258,4,1,Brandfit커스텀쇼핑백,부재(레코드추가),,실측필요,
PT5204,4,1,어텐션스포츠보틀,부재(레코드추가),,실측필요,
PT4683,4,1,밸류무선충전마우스패드,부재(레코드추가),,실측필요,
PT4916,4,1,챔피언피규어트로피,존재(규격공백),,실측필요,
PT2121,4,1,스타트씨드키트,부재(레코드추가),19x7,2D_P1파서필요,
PT5304,4,1,모바일오피스파우치2.0,부재(레코드추가),,실측필요,
PT2366,4,0,Quality슬리브박스,부재(레코드추가),217x247x93 펼침 339*637,3D_복사가능,
PT4485,4,0,스탠리슬림보틀,존재(규격공백),,실측필요,
PT4480,4,0,스탠리슬림보틀,부재(레코드추가),,실측필요,
PT4478,4,0,스탠리슬림보틀,존재(규격공백),,실측필요,
PT4475,4,0,스탠리슬림보틀,존재(규격공백),,실측필요,
PT1135,4,0,스타일수면안대,부재(레코드추가),100x240+40,3D_복사가능,
PT2542,4,0,스타일수면안대,존재(규격공백),,실측필요,
PT1133,4,0,스타일수면안대,부재(레코드추가),,실측필요,
PT1134,4,0,스타일수면안대,부재(레코드추가),150x235,2D_P1파서필요,
PT3288,4,0,올웨이즈양우산,부재(레코드추가),,실측필요,
PT2936,4,0,Tailored스트랩박스,부재(레코드추가),370x25,2D_P1파서필요,
PT2927,4,0,Tailored스트랩박스,부재(레코드추가),,실측필요,
PT2922,4,0,Tailored스트랩박스,존재(규격공백),,실측필요,
PT0838,4,0,레더스킨다이어리(표준),부재(레코드추가),,실측필요,
PT3638,4,0,프라우드투톤명함지갑(레디메이드),존재(규격공백),,실측필요,
PT4926,4,0,챔피언피규어트로피,존재(규격공백),,실측필요,
PT4658,4,0,베이직무선충전마우스패드[2],부재(레코드추가),,실측필요,
PT2516,4,0,마그넷오프너,존재(규격공백),,실측필요,
PT3734,4,0,마그넷오프너,존재(규격공백),,실측필요,
PT4346,4,0,에센셜장우산(실버),부재(레코드추가),,실측필요,
PT4347,4,0,에센셜장우산(실버),부재(레코드추가),,실측필요,
PT4380,4,0,에센셜장우산(실버),존재(규격공백),,실측필요,
PT2917,4,0,하이킹폴딩방석,부재(레코드추가),,실측필요,
PT4619,4,0,카드트레이피규어세트,부재(레코드추가),,실측필요,
PT3566,4,0,그립잇,존재(규격공백),,실측필요,
PT3756,4,0,그립잇,존재(규격공백),,실측필요,
PT4943,4,0,어드벤스3단자동우산,부재(레코드추가),,실측필요,
PT0866,4,0,릴리프눈마사지기,부재(레코드추가),,실측필요,
PT2395,4,0,오토매틱와인오프너,존재(규격공백),,실측필요,
PT4324,4,0,그래픽배너대용량보조배터리,존재(규격공백),,실측필요,
PT4323,4,0,그래픽배너대용량보조배터리,존재(규격공백),,실측필요,
PT4315,4,0,그래픽배너대용량보조배터리,부재(레코드추가),,실측필요,
PT4272,4,0,심볼릭스테들러:형광펜4종세트,존재(규격공백),,실측필요,
PT4169,4,0,심볼릭스테들러:형광펜4종세트,존재(규격공백),,실측필요,
PT2502,4,0,드레스업손거울,존재(규격공백),,실측필요,
PT3728,4,0,드레스업손거울,존재(규격공백),,실측필요,
PT1645,4,0,에디션골프공6구,부재(레코드추가),,실측필요,
PT1644,4,0,에디션골프공6구,부재(레코드추가),195x115x52,3D_복사가능,
PT2525,4,0,브랜드스트랩단우산,부재(레코드추가),,실측필요,
PT3601,4,0,브랜드스트랩단우산,존재(규격공백),,실측필요,
PT3608,4,0,홈카페코스터,존재(규격공백),,실측필요,
PT2604,4,0,홈카페코스터,부재(레코드추가),,실측필요,
PT3745,4,0,소프트터치블루투스키보드,존재(규격공백),,실측필요,
PT3600,4,0,소프트터치블루투스키보드,존재(규격공백),,실측필요,
PT3781,4,0,리멤버타투스티커,부재(레코드추가),,실측필요,
PT3611,4,0,리멤버타투스티커,존재(규격공백),,실측필요,
PT5086,4,0,아임히어리플렉터키링,존재(규격공백),,실측필요,
PT5085,4,0,아임히어리플렉터키링,존재(규격공백),,실측필요,
PT5091,4,0,아임히어리플렉터키링,부재(레코드추가),,실측필요,
PT5241,4,0,미니어처NFC키링,부재(레코드추가),,실측필요,
PT2792,4,0,리틀빅리유저블컵(블루.그린.옐로우.카키),존재(규격공백),,실측필요,
PT2916,4,0,하이킹폴딩방석,부재(레코드추가),,실측필요,
PT2126,4,0,스타트씨드키트,부재(레코드추가),40x7,2D_P1파서필요,
PT3217,4,0,셀렉티브전동오프너&와인잔세트,존재(규격공백),,실측필요,
PT1808,4,0,플레인USB,부재(레코드추가),,실측필요,
PT5303,4,0,모바일오피스파우치2.0,존재(규격공백),,실측필요,
PT5286,4,0,모바일오피스파우치2.0,부재(레코드추가),250 × 370 × 25mm,3D_복사가능,
PT3166,4,0,포시즌 티셔츠,부재(레코드추가),,실측필요,
PT4611,3,3,가챠머신,존재(규격공백),,실측필요,
PT2914,3,2,하이킹폴딩방석,부재(레코드추가),,실측필요,
PT2494,3,2,글로시키링,부재(레코드추가),,실측필요,
PT2273,3,2,아트워크레더다이어리,부재(레코드추가),285x200mm,2D_P1파서필요,
PT4822,3,2,칠링패드 냉각선풍기,부재(레코드추가),,실측필요,
PT2727,3,1,슬로건다이어리(표준),부재(레코드추가),,실측필요,
PT5026,3,1,시그니처다이어리(그레이),부재(레코드추가),,실측필요,
PT0855,3,1,리유저블캘린더,부재(레코드추가),122x152mm,2D_P1파서필요,
PT4919,3,1,심볼아크릴트로피[1],존재(규격공백),,실측필요,
PT0645,3,1,매트블랙텀블러,부재(레코드추가),,실측필요,
PT3631,3,1,웹캠커버,존재(규격공백),,실측필요,
PT3667,3,1,아트워크레더다이어리,존재(규격공백),,실측필요,
PT2714,3,1,아트워크레더다이어리,부재(레코드추가),,실측필요,
PT3662,3,1,슈가케인펜,존재(규격공백),,실측필요,
PT2539,3,1,슈가케인펜,부재(레코드추가),,실측필요,
PT3068,3,1,유니크디퓨저[1],부재(레코드추가),,실측필요,
PT3592,3,1,에디션골프공6구,존재(규격공백),,실측필요,
PT4328,3,1,베이직도킹형보조배터리,부재(레코드추가),,실측필요,
PT3910,3,1,주차번호판피규어세트,존재(규격공백),,실측필요,
PT3907,3,1,주차번호판피규어세트,부재(레코드추가),100x155,2D_P1파서필요,
PT1026,3,1,브랜드스트랩단우산,부재(레코드추가),,실측필요,
PT4949,3,1,브릭스탠드 멀티충전기,부재(레코드추가),,실측필요,
PT4264,3,1,플러스멀티충전스테이션,존재(규격공백),,실측필요,
PT3401,3,1,스탠리데일리텀블러,존재(규격공백),,실측필요,
PT4575,3,1,샤인미러키링,부재(레코드추가),,실측필요,
PT5257,3,1,스테이텀블러,부재(레코드추가),Ø81 x H166 mm (용량 473ml),3D_복사가능,
PT4257,3,1,Brandfit커스텀쇼핑백,부재(레코드추가),,실측필요,
PT4349,3,1,에센셜장우산(풀컬러),부재(레코드추가),,실측필요,
PT4778,3,1,해피웨이런치백(단품),부재(레코드추가),,실측필요,
PT1811,3,1,플레인USB,부재(레코드추가),,실측필요,
PT0034,3,1,슬로건 다이어리,부재(레코드추가),136x196,2D_P1파서필요,
PT2971,3,1,메시지캐리어파우치,부재(레코드추가),,실측필요,
PT0597,3,1,Solid 커스텀 G형박스,부재(레코드추가),252x210x95 펼침645*703,3D_복사가능,
PT1621,3,1,클래시 차량용 방향제,부재(레코드추가),24x24x61,3D_복사가능,
PT5379,3,1,심볼 NFC 키링 [2],부재(레코드추가),,실측필요,
PT5355,3,1,하우스 핸드타월,부재(레코드추가),25x3.5,2D_P1파서필요,
PT4507,3,1,팝업스토어 피규어 세트,부재(레코드추가),,실측필요,
PT4564,3,0,브랜드팝클리어키링,부재(레코드추가),,실측필요,
PT4971,3,0,브릭메모&캘린더스탠드,부재(레코드추가),,실측필요,
PT4968,3,0,브릭메모&캘린더스탠드,존재(규격공백),,실측필요,
PT3612,3,0,리유저블캘린더,존재(규격공백),,실측필요,
PT1925,3,0,리유저블캘린더,부재(레코드추가),,실측필요,
PT4688,3,0,밸류무선충전마우스패드,부재(레코드추가),,실측필요,
PT4684,3,0,밸류무선충전마우스패드,부재(레코드추가),,실측필요,
PT0868,3,0,마그넷오프너,부재(레코드추가),69X45,2D_P1파서필요,
PT1364,3,0,애드온뱃지,부재(레코드추가),30x30이내,2D_P1파서필요,
PT4352,3,0,에센셜장우산(실버),부재(레코드추가),,실측필요,
PT1380,3,0,에디션골프공6구,부재(레코드추가),,실측필요,
PT3400,3,0,스탠리데일리텀블러,존재(규격공백),,실측필요,
PT2561,3,0,프리미엄스트링후드집업(F/W)_추가제작,존재(규격공백),,실측필요,
PT5013,3,0,몰스킨2026다이어리,존재(규격공백),,실측필요,
PT5011,3,0,몰스킨2026다이어리,존재(규격공백),,실측필요,
PT0716,3,0,내추럴노트,부재(레코드추가),,실측필요,
PT4277,3,0,심볼릭스테들러:형광펜4종세트,부재(레코드추가),,실측필요,
PT2465,3,0,드레스업손거울,부재(레코드추가),95x166x6,3D_복사가능,
PT2467,3,0,드레스업손거울,부재(레코드추가),,실측필요,
PT1511,3,0,유니크디퓨저[1],부재(레코드추가),73x180.5x61 펼침282*180,3D_복사가능,
PT2569,3,0,유니크디퓨저[1],존재(규격공백),,실측필요,
PT1506,3,0,유니크디퓨저[1],부재(레코드추가),,실측필요,
PT3668,3,0,유니크디퓨저[1],존재(규격공백),,실측필요,
PT2692,3,0,유니크디퓨저[1],존재(규격공백),,실측필요,
PT2558,3,0,에디션골프공6구,부재(레코드추가),,실측필요,
PT2595,3,0,풀커버스프링노트,존재(규격공백),,실측필요,
PT3617,3,0,풀커버스프링노트,존재(규격공백),,실측필요,
PT1746,3,0,풀커버스프링노트,부재(레코드추가),,실측필요,
PT5025,3,0,시그니처다이어리(그레이)[1],부재(레코드추가),,실측필요,
PT4918,3,0,챔피언피규어트로피,존재(규격공백),,실측필요,
PT1845,3,0,홈카페코스터,부재(레코드추가),97x97,2D_P1파서필요,
PT1722,3,0,포시즌블랭킷(무릎담요),부재(레코드추가),,실측필요,
PT1102,3,0,소프트터치블루투스키보드,부재(레코드추가),,실측필요,
PT0694,3,0,그래픽에코백,부재(레코드추가),,실측필요,
PT1642,3,0,클래시차량용방향제,부재(레코드추가),,실측필요,
PT3741,3,0,라미사파리펜(볼펜),존재(규격공백),,실측필요,
PT0801,3,0,라미사파리펜(볼펜),부재(레코드추가),,실측필요,
PT0799,3,0,라미사파리펜(볼펜),부재(레코드추가),179x65x22,3D_복사가능,
PT4662,3,0,베이직무선충전마우스패드[1],부재(레코드추가),,실측필요,
PT5199,3,0,브릭메모&캘린더스탠드2.0,부재(레코드추가),"세트만 조립 완료기준
144×32×45mm (메모패드, 피규어 사이즈 제외)",3D_복사가능,
PT3219,3,0,더블업트래블파우치(Large)_단품,부재(레코드추가),,실측필요,
PT4163,3,0,하이업노트북폴딩스탠드,부재(레코드추가),,실측필요,
PT3619,3,0,클리어리유저블컵(스탠다드),존재(규격공백),,실측필요,
PT4786,3,0,해피웨이런치백(단품),존재(규격공백),,실측필요,
PT4774,3,0,해피웨이런치백(단품),부재(레코드추가),가로250x높이225x폭15mm,3D_복사가능,
PT1140,3,0,스탠드-업칫솔,부재(레코드추가),,실측필요,
PT4624,3,0,카드트레이피규어세트,부재(레코드추가),,실측필요,
PT4542,3,0,헬로 카드형 USB,존재(규격공백),,실측필요,
PT4496,3,0,헬로 카드형 USB,부재(레코드추가),,실측필요,
PT5109,3,0,킵세이프마그넷배터리Max,부재(레코드추가),,실측필요,
PT3725,3,0,미니가든피규어세트[1],존재(규격공백),,실측필요,
PT2092,3,0,리마커블 칫솔살균기,부재(레코드추가),,실측필요,
PT3279,3,0,액티브스포츠타월,부재(레코드추가),220x15,2D_P1파서필요,
PT4253,3,0,Brandfit커스텀쇼핑백,부재(레코드추가),260x100x360,3D_복사가능,
PT5012,3,0,몰스킨 데일리 노트,존재(규격공백),,실측필요,
PT5010,3,0,몰스킨 데일리 노트,존재(규격공백),,실측필요,
PT5378,3,0,심볼 NFC 키링 [1],존재(규격공백),,실측필요,
PT3930,3,0,스탠딩 휴대용 선풍기 | LUMENA,부재(레코드추가),,실측필요,
PT3253,3,0,프라우드 메모패드,부재(레코드추가),,실측필요,
PT5372,3,0,스탠바이 빅팬선풍기,부재(레코드추가),,실측필요,
PT5365,3,0,스탠바이 빅팬선풍기,존재(규격공백),,실측필요,
PT5377,3,0,스탠바이 빅팬선풍기,존재(규격공백),,실측필요,
PT5285,3,0,아트워크 타월,존재(규격공백),,실측필요,
PT5284,3,0,아트워크 타월,부재(레코드추가),,실측필요,
PT4565,3,0,브랜드팝 클리어 키링,부재(레코드추가),,실측필요,
PT5383,3,0,슬림 터보선풍기,존재(규격공백),,실측필요,
PT5300,3,0,솔리드 레디백,존재(규격공백),,실측필요,
PT5280,3,0,솔리드 레디백,존재(규격공백),,실측필요,
PT5252,3,0,솔리드 레디백,부재(레코드추가),,실측필요,
PT1365,2,2,애드온뱃지,부재(레코드추가),30x30이내,2D_P1파서필요,
PT3645,2,2,Stationery페이퍼박스,존재(규격공백),,실측필요,
PT5295,2,2,모먼트 골드스파클 [1],부재(레코드추가),,실측필요,
PT5433,2,2,Lite 스트랩 박스,존재(규격공백),,실측필요,
PT0614,2,1,Solid커스텀G형박스(S사이즈),부재(레코드추가),160x210x40 펼침327*531,3D_복사가능,
PT0564,2,1,RE:CUP(리컵)_12oz,부재(레코드추가),,실측필요,
PT1696,2,1,퍼블랭킷(무릎담요),부재(레코드추가),720x1000,2D_P1파서필요,
PT0677,2,1,그래픽에코백,부재(레코드추가),340x380(어깨끈32cm),3D_복사가능,
PT3035,2,1,Tailored스트랩박스:지지박스,부재(레코드추가),,실측필요,
PT3981,2,1,라이트캘린더,부재(레코드추가),90x157x70 (세웠을때 높이 153),3D_복사가능,
PT3615,2,1,굿스타트슈즈백(키트),존재(규격공백),,실측필요,
PT3682,2,1,오토매틱와인오프너,존재(규격공백),,실측필요,
PT1393,2,1,에디션골프공6구,존재(규격공백),,실측필요,
PT4937,2,1,슈가케인펜,부재(레코드추가),,실측필요,
PT1021,2,1,브랜드스트랩단우산,부재(레코드추가),240x60,2D_P1파서필요,
PT1223,2,1,스펙트럼컬러펜,부재(레코드추가),,실측필요,
PT3657,2,1,스트레치사원증홀더,존재(규격공백),,실측필요,
PT4025,2,1,굿데이볼캡,존재(규격공백),,실측필요,
PT1805,2,1,플레인USB,부재(레코드추가),,실측필요,
PT5068,2,1,아임히어리플렉터키링,부재(레코드추가),"키링 : 70x70mm
와이어링 : 50x50mm",3D_복사가능,
PT1513,2,1,미니가든 피규어 세트 [2],존재(규격공백),,실측필요,
PT3817,2,1,인마이백 피크닉매트,존재(규격공백),,실측필요,
PT1013,2,1,브랜드 스트랩 단우산,부재(레코드추가),,실측필요,
PT2464,2,1,드레스업 손거울,부재(레코드추가),95x166x6,3D_복사가능,
PT5165,2,1,모뉴먼트 블랙 트로피,부재(레코드추가),75x200x40mm,3D_복사가능,
PT5374,2,1,스탠바이 빅팬선풍기,부재(레코드추가),,실측필요,
PT3810,2,1,인마이백 피크닉매트,부재(레코드추가),"돗자리 : 2,00x1,400
파우치 : 175x145",3D_복사가능,
PT1849,2,1,홈카페 코스터,부재(레코드추가),,실측필요,
PT1801,2,1,페이퍼샤쉐[3],존재(규격공백),,실측필요,
PT5155,2,1,챔피언 피규어 트로피_추가제작,부재(레코드추가),,실측필요,
PT3254,2,0,프라우드메모패드(블랙),부재(레코드추가),,실측필요,
PT3255,2,0,프라우드메모패드(블랙),부재(레코드추가),,실측필요,
PT4798,2,0,밀크에코컵,부재(레코드추가),,실측필요,
PT1370,2,0,애드온뱃지,부재(레코드추가),40x40이내,2D_P1파서필요,
PT1665,2,0,클립아트펜,부재(레코드추가),,실측필요,
PT1666,2,0,클립아트펜,부재(레코드추가),,실측필요,
PT1888,2,0,디자이너노트,부재(레코드추가),,실측필요,
PT0779,2,0,디자이너노트,부재(레코드추가),138x200mm,2D_P1파서필요,
PT1859,2,0,디자이너노트,부재(레코드추가),,실측필요,
PT0992,2,0,버티컬무선충전패드,부재(레코드추가),,실측필요,
PT4333,2,0,히트업손난로보조배터리,부재(레코드추가),30x60,2D_P1파서필요,
PT4372,2,0,히트업손난로보조배터리,존재(규격공백),,실측필요,
PT4330,2,0,히트업손난로보조배터리,존재(규격공백),,실측필요,
PT3151,2,0,미니멀스텐머그,부재(레코드추가),,실측필요,
PT1494,2,0,Open페이퍼박스(커스텀/Small),부재(레코드추가),143x206x29 펼침479*466,3D_복사가능,
PT4907,2,0,심볼아크릴트로피[1],부재(레코드추가),,실측필요,
PT4348,2,0,에센셜장우산(실버),부재(레코드추가),,실측필요,
PT4351,2,0,에센셜장우산(실버),부재(레코드추가),,실측필요,
PT1427,2,0,프리미엄스트링후드집업(F/W)_추가제작,부재(레코드추가),,실측필요,
PT5172,2,0,아너월넛트로피,부재(레코드추가),20x200x40mm,3D_복사가능,
PT5185,2,0,아너월넛트로피,존재(규격공백),,실측필요,
PT5182,2,0,아너월넛트로피,존재(규격공백),,실측필요,
PT5177,2,0,아너월넛트로피,부재(레코드추가),"1) 외경 : 153 x 233 x 60mm
2) 내경
-상짝 내부(화이트) : 140 x 220 x 20 mm
- 하짝 내부(블랙) : 125 x 205 x 30 mm
3) 리본(Ribbon)
- 색상 : Black
- 폭 : 10 mm
- 길이 : 약 320 mm (오차 범위 ±5mm)",3D_복사가능,
PT3203,2,0,Carryme와인잔(2입),존재(규격공백),,실측필요,
PT0457,2,0,Carryme와인잔(2입),부재(레코드추가),,실측필요,
PT3707,2,0,트래블2in1목베개,존재(규격공백),,실측필요,
PT3305,2,0,트래블2in1목베개,존재(규격공백),,실측필요,
PT3306,2,0,트래블2in1목베개,부재(레코드추가),,실측필요,
PT3311,2,0,트래블2in1목베개,부재(레코드추가),,실측필요,
PT3758,2,0,내추럴노트,존재(규격공백),,실측필요,
PT2682,2,0,내추럴노트,존재(규격공백),,실측필요,
PT4995,2,0,몰스킨2026다이어리,부재(레코드추가),130x210x11mm,3D_복사가능,
PT3696,2,0,모바일오피스파우치,존재(규격공백),,실측필요,
PT0891,2,0,모바일오피스파우치,부재(레코드추가),,실측필요,
PT5027,2,0,시그니처다이어리(그레이),부재(레코드추가),,실측필요,
PT2817,2,0,어텐션스포츠보틀,존재(규격공백),,실측필요,
PT2725,2,0,드레스업손거울,부재(레코드추가),106x15x170,3D_복사가능,
PT3604,2,0,슈가케인펜,존재(규격공백),,실측필요,
PT4936,2,0,슈가케인펜,부재(레코드추가),,실측필요,
PT3064,2,0,유니크디퓨저[1],부재(레코드추가),153x45,2D_P1파서필요,
PT3067,2,0,유니크디퓨저[1],부재(레코드추가),3x3x170,3D_복사가능,
PT3565,2,0,유니크디퓨저[1],존재(규격공백),,실측필요,
PT3056,2,0,유니크디퓨저[1],부재(레코드추가),,실측필요,
PT3589,2,0,에디션골프공6구,존재(규격공백),,실측필요,
PT3646,2,0,에디션골프공6구,존재(규격공백),,실측필요,
PT2026,2,0,브랜드-잇,부재(레코드추가),,실측필요,
PT4353,2,0,에센셜장우산(실버),부재(레코드추가),,실측필요,
PT0696,2,0,그립잇,부재(레코드추가),39x39,2D_P1파서필요,
PT4893,2,0,챔피언피규어트로피,부재(레코드추가),,실측필요,
PT3884,2,0,주차번호판피규어세트,부재(레코드추가),,실측필요,
PT4528,2,0,주차번호판피규어세트,부재(레코드추가),,실측필요,
PT2666,2,0,홈카페코스터,부재(레코드추가),,실측필요,
PT1207,2,0,스펙트럼컬러펜,존재(규격공백),,실측필요,
PT4252,2,0,Brandfit커스텀쇼핑백[1],부재(레코드추가),180x100x250,3D_복사가능,
PT1675,2,0,톤앤톤쿨러백(단품),부재(레코드추가),최대180x180,2D_P1파서필요,
PT4543,2,0,디스플레이피규어세트,존재(규격공백),,실측필요,
PT4544,2,0,디스플레이피규어세트,존재(규격공백),,실측필요,
PT0689,2,0,그래픽에코백,부재(레코드추가),340x380(어깨끈32cm),3D_복사가능,
PT1624,2,0,클래시차량용방향제,부재(레코드추가),24x24x61,3D_복사가능,
PT3625,2,0,클래시차량용방향제,존재(규격공백),,실측필요,
PT2505,2,0,라미사파리펜(볼펜),존재(규격공백),,실측필요,
PT3717,2,0,프리미엄스트링후드집업(F/W),존재(규격공백),,실측필요,
PT1421,2,0,프리미엄스트링후드집업(F/W),부재(레코드추가),15x1400,2D_P1파서필요,
PT4248,2,0,베이직도킹형보조배터리,부재(레코드추가),,실측필요,
PT4738,2,0,월드와이드멀티어댑터,부재(레코드추가),,실측필요,
PT3089,2,0,쇼핑백,존재(규격공백),,실측필요,
PT3642,2,0,뮤지엄머그,존재(규격공백),,실측필요,
PT5143,2,0,파카조터XL볼펜,존재(규격공백),,실측필요,
PT5145,2,0,파카조터XL볼펜,존재(규격공백),,실측필요,
PT5117,2,0,파카조터XL볼펜,부재(레코드추가),140mm / 20g(심포함),2D_P1파서필요,
PT5130,2,0,파카조터XL볼펜,부재(레코드추가),,실측필요,
PT2898,2,0,내추럴노트,부재(레코드추가),,실측필요,
PT1999,2,0,Reinvent슬리브박스,부재(레코드추가),,실측필요,
PT3752,2,0,Reinvent슬리브박스,존재(규격공백),,실측필요,
PT0577,2,0,Reinvent슬리브박스,부재(레코드추가),250x210x95 펼침 620*249,3D_복사가능,
PT2710,2,0,Reinvent슬리브박스,존재(규격공백),,실측필요,
PT3059,2,0,유니크디퓨저,부재(레코드추가),153x45,2D_P1파서필요,
PT2773,2,0,리틀빅리유저블컵(반투명.아이보리)[1],부재(레코드추가),80x135 mm / 350ml,3D_복사가능,
PT3649,2,0,어텐션스포츠보틀,존재(규격공백),,실측필요,
PT4267,2,0,플러스멀티충전스테이션,부재(레코드추가),,실측필요,
PT4263,2,0,플러스멀티충전스테이션,부재(레코드추가),,실측필요,
PT4278,2,0,플러스멀티충전스테이션,존재(규격공백),,실측필요,
PT4571,2,0,브랜드팝클리어키링[1],부재(레코드추가),,실측필요,
PT4736,2,0,월드와이드멀티어댑터,부재(레코드추가),50×65×55mm,3D_복사가능,
PT4776,2,0,해피웨이런치백(단품),부재(레코드추가),,실측필요,
PT4787,2,0,해피웨이런치백(단품),존재(규격공백),,실측필요,
PT4777,2,0,해피웨이런치백(단품),부재(레코드추가),,실측필요,
PT4789,2,0,해피웨이런치백(단품),부재(레코드추가),,실측필요,
PT3266,2,0,모먼트일회용카메라,존재(규격공백),,실측필요,
PT3268,2,0,모먼트일회용카메라,부재(레코드추가),,실측필요,
PT3269,2,0,모먼트일회용카메라,부재(레코드추가),,실측필요,
PT3705,2,0,모먼트일회용카메라,존재(규격공백),,실측필요,
PT3267,2,0,모먼트일회용카메라,부재(레코드추가),115x30x60,3D_복사가능,
PT3185,2,0,더블업 트래블 파우치,부재(레코드추가),(압축후)400x290x130,3D_복사가능,
PT4491,2,0,셀렉티브전동오프너&와인잔세트,존재(규격공백),,실측필요,
PT0812,2,0,라미사파리펜(만년필),부재(레코드추가),182x67x28 펼침 180*215,3D_복사가능,
PT1969,2,0,라미사파리펜(만년필),부재(레코드추가),,실측필요,
PT2507,2,0,라미사파리펜(만년필),존재(규격공백),,실측필요,
PT5112,2,0,킵세이프마그넷배터리Max,부재(레코드추가),,실측필요,
PT0690,2,0,그래픽에코백,부재(레코드추가),,실측필요,
PT5249,2,0,데일리칫솔살균기|아이리버,부재(레코드추가),220×54×28.5,3D_복사가능,
PT5248,2,0,데일리칫솔살균기|아이리버,부재(레코드추가),,실측필요,
PT5279,2,0,데일리칫솔살균기|아이리버,존재(규격공백),,실측필요,
PT5306,2,0,데일리칫솔살균기|아이리버,부재(레코드추가),,실측필요,
PT5244,2,0,데일리칫솔살균기|아이리버,존재(규격공백),,실측필요,
PT5246,2,0,데일리칫솔살균기|아이리버,부재(레코드추가),215×54×28,3D_복사가능,
PT1516,2,0,미니가든피규어세트[1],존재(규격공백),,실측필요,
PT1023,2,0,브랜드스트랩단우산,부재(레코드추가),,실측필요,
PT1748,2,0,풀커버 스프링노트,부재(레코드추가),131x200,2D_P1파서필요,
PT5221,2,0,아이덴티티 스티커팩,부재(레코드추가),최대 80 x 80 mm,2D_P1파서필요,
PT4847,2,0,아이콘 케이블홀더 세트 [1],부재(레코드추가),,실측필요,
PT3931,2,0,스탠딩 휴대용 선풍기,부재(레코드추가),,실측필요,
PT4170,2,0,심볼릭스테들러:필기구4종세트,부재(레코드추가),케이스 45x170x17,3D_복사가능,
PT4621,2,0,카드트레이 피규어 세트,부재(레코드추가),,실측필요,
PT5242,2,0,미니어처 NFC 키링,부재(레코드추가),,실측필요,
PT3685,2,0,Carry me 와인잔,존재(규격공백),,실측필요,
PT4567,2,0,브랜드팝 클리어 키링,부재(레코드추가),,실측필요,
PT1565,2,0,컬러풀 노트패드,부재(레코드추가),110x180mm,2D_P1파서필요,
PT5288,2,0,모바일오피스파우치2.0,부재(레코드추가),,실측필요,
PT1635,2,0,클래시차량용방향제,부재(레코드추가),78x30,2D_P1파서필요,
PT3256,2,0,프라우드 메모패드,부재(레코드추가),130x250+40,3D_복사가능,
PT5360,2,0,하우스 핸드타월,존재(규격공백),,실측필요,
PT5364,2,0,하우스 핸드타월,존재(규격공백),,실측필요,
PT5385,2,0,슬림 터보선풍기,존재(규격공백),,실측필요,
PT4558,2,0,팝업스토어 피규어 세트,존재(규격공백),,실측필요,
PT4508,2,0,팝업스토어 피규어 세트,부재(레코드추가),,실측필요,
PT4557,2,0,팝업스토어 피규어 세트,존재(규격공백),,실측필요,
PT4509,2,0,팝업스토어 피규어 세트,부재(레코드추가),100x155,2D_P1파서필요,
PT3281,2,0,액티브 스포츠 타월,부재(레코드추가),,실측필요,
PT5369,2,0,어반 스텐 런치박스,존재(규격공백),,실측필요,
PT5381,2,0,어반 스텐 런치박스,존재(규격공백),,실측필요,
PT5367,2,0,어반 스텐 런치박스,부재(레코드추가),,실측필요,
PT5366,2,0,어반 스텐 런치박스,존재(규격공백),,실측필요,
PT4607,2,0,샤인 미러 키링,존재(규격공백),,실측필요,
PT4578,2,0,샤인 미러 키링,부재(레코드추가),,실측필요,
PT4582,2,0,샤인 미러 키링,부재(레코드추가),76x163,2D_P1파서필요,
PT4608,2,0,샤인 미러 키링,존재(규격공백),,실측필요,
PT5384,2,0,슬림 터보선풍기,부재(레코드추가),,실측필요,
PT1054,2,0,굿이너프 비치타월 [1],부재(레코드추가),,실측필요,
PT1842,1,1,홈카페코스터,부재(레코드추가),,실측필요,
PT2865,1,1,페이퍼링캘린더,부재(레코드추가),6x13,2D_P1파서필요,
PT1731,1,1,폴더블텀블러,부재(레코드추가),100x100x140,3D_복사가능,
PT1376,1,1,어썸그립,부재(레코드추가),77x103,2D_P1파서필요,
PT2618,1,1,포시즌블랭킷(무릎담요),부재(레코드추가),,실측필요,
PT5268,1,1,미르텀블러,부재(레코드추가),,실측필요,
PT5190,1,1,웜업스트링후드집업,부재(레코드추가),,실측필요,
PT4622,1,1,카드트레이피규어세트[2],부재(레코드추가),,실측필요,
PT4537,1,1,헬로카드형USB,부재(레코드추가),85x51x2,3D_복사가능,
PT2459,1,1,유니크디퓨저,부재(레코드추가),153x45,2D_P1파서필요,
PT4500,1,1,헬로카드형USB,부재(레코드추가),,실측필요,
PT1209,1,1,스펙트럼컬러펜,존재(규격공백),,실측필요,
PT1632,1,1,클래시차량용방향제,부재(레코드추가),78x30,2D_P1파서필요,
PT1402,1,1,에디트캘린더,부재(레코드추가),138x164,2D_P1파서필요,
PT2987,1,1,보관,부재(레코드추가),,실측필요,
PT0531,1,1,Open페이퍼박스(커스텀/Small),부재(레코드추가),커스텀사이즈,기타참고,
PT3655,1,1,Start틴케이스,존재(규격공백),,실측필요,
PT4307,1,1,그래픽배너대용량보조배터리,부재(레코드추가),,실측필요,
PT4476,1,1,스탠리슬림보틀,존재(규격공백),,실측필요,
PT2387,1,1,디자이너노트,부재(레코드추가),138x200mm,2D_P1파서필요,
PT1810,1,1,플레인USB,부재(레코드추가),,실측필요,
PT4419,1,1,브랜디드피규어,부재(레코드추가),,실측필요,
PT1913,1,1,컬러풀노트패드,부재(레코드추가),,실측필요,
PT1550,1,1,클라우드피크닉매트(1인용),부재(레코드추가),730*1000,2D_P1파서필요,
PT4797,1,1,밀크에코컵,부재(레코드추가),,실측필요,
PT2822,1,1,레디고런치박스,존재(규격공백),,실측필요,
PT1381,1,1,에디션골프공6구,부재(레코드추가),,실측필요,
PT3796,1,1,슬로건 맨투맨,부재(레코드추가),헤비 맨투맨,기타참고,
PT3988,1,1,굿데이 볼캡,부재(레코드추가),,실측필요,
PT3811,1,1,인마이백 피크닉매트,부재(레코드추가),,실측필요,
PT1290,1,1,긴급,부재(레코드추가),,실측필요,
PT3632,1,1,아쿠아스노클링마스크,존재(규격공백),,실측필요,
PT3848,1,1,미스트 워터보틀,부재(레코드추가),,실측필요,
PT3697,1,1,레더라벨 캠핑체어,존재(규격공백),,실측필요,
PT4598,1,1,슈가케인 텀블러,부재(레코드추가),285x65,2D_P1파서필요,
PT5394,1,1,슬림 터보선풍기,부재(레코드추가),,실측필요,
PT4775,1,1,해피웨이 런치백,부재(레코드추가),,실측필요,
PT5283,1,1,미니어처 NFC 키링,부재(레코드추가),,실측필요,
PT3176,1,1,아쿠아 스노클링 마스크,부재(레코드추가),,실측필요,
PT4589,1,1,라이트 샤오미펜,부재(레코드추가),,실측필요,
PT4585,1,1,샤인 미러 키링,부재(레코드추가),"[샘플은 본제작과 동일한 옵션으로 제작]
1) 기본 키링만 선택할 경우 : 기본키링(O링결합) + 고객 선택 줄타입(니켈컬러)

2) 서브 키링도 선택할 경우 : 기본키링(O링결합) + 서브키링(O링결합) _ 고객 선택 줄타입(니켈컬러)

3) 부자재 컬러: O링, 줄 모두 니켈컬러

[포장방식]
1) 샘플은 기성 OPP 포장하여 출고",3D_복사가능,
PT5255,1,1,스테이 텀블러,부재(레코드추가),,실측필요,
PT2715,1,1,굿이너프 비치타월,부재(레코드추가),,실측필요,
PT1395,1,1,프레젠트 골프공 3구,존재(규격공백),,실측필요,
PT3557,1,0,RE:CUP(리컵)_12oz,존재(규격공백),,실측필요,
PT3620,1,0,RE:CUP(리컵)_12oz,존재(규격공백),,실측필요,
PT2705,1,0,RE:CUP(리컵)_12oz,부재(레코드추가),,실측필요,
PT1800,1,0,페이퍼샤쉐,존재(규격공백),,실측필요,
PT1697,1,0,퍼블랭킷(무릎담요),부재(레코드추가),,실측필요,
PT3762,1,0,퍼블랭킷(무릎담요),존재(규격공백),,실측필요,
PT2588,1,0,퍼블랭킷(무릎담요),존재(규격공백),,실측필요,
PT0857,1,0,리유저블캘린더,부재(레코드추가),122x152mm,2D_P1파서필요,
PT1361,1,0,애드온뱃지,부재(레코드추가),40x50,2D_P1파서필요,
PT1428,1,0,프리미엄스트링후드집업(F/W)_추가제작,부재(레코드추가),100*100 이하,2D_P1파서필요,
PT1967,1,0,디자이너노트,부재(레코드추가),,실측필요,
PT4991,1,0,몰스킨2026다이어리,부재(레코드추가),130x210x22mm,3D_복사가능,
PT5176,1,0,아너월넛트로피,부재(레코드추가),,실측필요,
PT3201,1,0,Carryme와인잔(2입),존재(규격공백),,실측필요,
PT5050,1,0,시그니처다이어리(그레이),부재(레코드추가),,실측필요,
PT0700,1,0,그립잇,부재(레코드추가),39x39,2D_P1파서필요,
PT2899,1,0,내추럴노트,부재(레코드추가),,실측필요,
PT2237,1,0,브랜디드노트북백,부재(레코드추가),,실측필요,
PT2257,1,0,아트워크레더다이어리,부재(레코드추가),285x200mm,2D_P1파서필요,
PT4984,1,0,몰스킨2026다이어리,부재(레코드추가),,실측필요,
PT3226,1,0,굿스타트슈즈백(키트),부재(레코드추가),,실측필요,
PT3179,1,0,굿스타트슈즈백(키트),부재(레코드추가),,실측필요,
PT3178,1,0,굿스타트슈즈백(키트),부재(레코드추가),,실측필요,
PT4862,1,0,오토매틱와인오프너,부재(레코드추가),,실측필요,
PT2564,1,0,오토매틱와인오프너,존재(규격공백),,실측필요,
PT1208,1,0,스펙트럼컬러펜,부재(레코드추가),,실측필요,
PT4010,1,0,심볼릭스테들러:형광펜4종세트,부재(레코드추가),케이스 45x170x17,3D_복사가능,
PT1197,1,0,스펙트럼컬러펜,존재(규격공백),,실측필요,
PT1743,1,0,풀커버스프링노트,부재(레코드추가),131x200,2D_P1파서필요,
PT2057,1,0,데스크테리어매트(대형),부재(레코드추가),900x400x3T,3D_복사가능,
PT0702,1,0,그립잇,부재(레코드추가),,실측필요,
PT0990,1,0,버티컬무선충전패드,부재(레코드추가),,실측필요,
PT4685,1,0,밸류무선충전마우스패드,부재(레코드추가),,실측필요,
PT4524,1,0,디스플레이피규어세트,존재(규격공백),,실측필요,
PT5197,1,0,브릭메모&캘린더스탠드2.0,부재(레코드추가),"세트만 조립 완료기준
144×32×45mm (메모패드, 피규어 사이즈 제외)",3D_복사가능,
PT5230,1,0,브릭메모&캘린더스탠드2.0,부재(레코드추가),90x130mm,2D_P1파서필요,
PT4650,1,0,클래시차량용방향제,존재(규격공백),,실측필요,
PT4651,1,0,클래시차량용방향제,존재(규격공백),,실측필요,
PT1637,1,0,클래시차량용방향제,부재(레코드추가),78x30,2D_P1파서필요,
PT1636,1,0,클래시차량용방향제,부재(레코드추가),78x30,2D_P1파서필요,
PT1625,1,0,클래시차량용방향제,부재(레코드추가),24x24x61,3D_복사가능,
PT0797,1,0,라미사파리펜(볼펜),부재(레코드추가),,실측필요,
PT2626,1,0,프리미엄스트링후드집업(F/W),부재(레코드추가),,실측필요,
PT1420,1,0,프리미엄스트링후드집업(F/W),부재(레코드추가),100*100 이하,2D_P1파서필요,
PT3901,1,0,리멤버탁상시계,부재(레코드추가),,실측필요,
PT3902,1,0,리멤버탁상시계,부재(레코드추가),,실측필요,
PT1202,1,0,스펙트럼컬러펜,부재(레코드추가),,실측필요,
PT2332,1,0,예치금,부재(레코드추가),,실측필요,
PT0652,1,0,예치금,존재(규격공백),,실측필요,
PT2363,1,0,데스크테리어매트(기본형),부재(레코드추가),810x320,2D_P1파서필요,
PT5137,1,0,커넥트6in1케이블키트,부재(레코드추가),,실측필요,
PT3838,1,0,테크미니파우치,부재(레코드추가),,실측필요,
PT1772,1,0,프레젠트골프공3구,부재(레코드추가),,실측필요,
PT4906,1,0,심볼아크릴트로피,부재(레코드추가),,실측필요,
PT0678,1,0,그래픽 에코백,부재(레코드추가),,실측필요,
PT5065,1,0,아임히어리플렉터키링,부재(레코드추가),"키링 : 70x70mm
와이어링 : 50x50mm",3D_복사가능,
PT4276,1,0,심볼릭스테들러:파인라이너4종세트,부재(레코드추가),,실측필요,
PT4294,1,0,심볼릭스테들러:파인라이너4종세트,부재(레코드추가),케이스 45x170x17,3D_복사가능,
PT4292,1,0,심볼릭스테들러:파인라이너4종세트,부재(레코드추가),,실측필요,
PT4171,1,0,심볼릭스테들러:파인라이너4종세트,부재(레코드추가),케이스 45x170x17,3D_복사가능,
PT0915,1,0,뮤지엄머그,부재(레코드추가),,실측필요,
PT1250,1,0,슬로건다이어리(커스텀/1000권이상),존재(규격공백),,실측필요,
PT1260,1,0,슬로건다이어리(커스텀/1000권이상),부재(레코드추가),138x200,2D_P1파서필요,
PT2726,1,0,슬로건다이어리(커스텀/1000권이상),존재(규격공백),,실측필요,
PT2671,1,0,슬로건다이어리(커스텀/1000권이상),존재(규격공백),,실측필요,
PT1243,1,0,슬로건다이어리(커스텀/1000권이상),부재(레코드추가),136x196,2D_P1파서필요,
PT2982,1,0,슬로건다이어리(커스텀/1000권이상),존재(규격공백),,실측필요,
PT3788,1,0,스테인리스빨대,부재(레코드추가),,실측필요,
PT1153,1,0,스테인리스빨대,부재(레코드추가),50x270,2D_P1파서필요,
PT1150,1,0,스테인리스빨대,부재(레코드추가),10x10x238,3D_복사가능,
PT2508,1,0,스테인리스빨대,존재(규격공백),,실측필요,
PT3748,1,0,스테인리스빨대,존재(규격공백),,실측필요,
PT1151,1,0,스테인리스빨대,부재(레코드추가),,실측필요,
PT2776,1,0,리틀빅리유저블컵(블루.그린.옐로우.카키),부재(레코드추가),80x135 mm / 350ml,3D_복사가능,
PT2041,1,0,Quality슬리브박스,부재(레코드추가),,실측필요,
PT3050,1,0,유니크디퓨저,부재(레코드추가),,실측필요,
PT0698,1,0,그립잇,부재(레코드추가),39x39,2D_P1파서필요,
PT2600,1,0,프리미엄 린넨샤쉐,존재(규격공백),,실측필요,
PT3628,1,0,프리미엄 린넨샤쉐,존재(규격공백),,실측필요,
PT1798,1,0,프리미엄 린넨샤쉐,부재(레코드추가),,실측필요,
PT4602,1,0,프리미엄 린넨샤쉐,부재(레코드추가),75x120,2D_P1파서필요,
PT2772,1,0,리틀빅리유저블컵(반투명.아이보리)[2],부재(레코드추가),80x135 mm / 350ml,3D_복사가능,
PT4856,1,0,어텐션스포츠보틀[2],존재(규격공백),,실측필요,
PT4865,1,0,어텐션스포츠보틀[2],존재(규격공백),,실측필요,
PT4870,1,0,어텐션스포츠보틀[2],존재(규격공백),,실측필요,
PT2510,1,0,펠트백,존재(규격공백),,실측필요,
PT2612,1,0,펠트백,부재(레코드추가),,실측필요,
PT3637,1,0,펠트백,존재(규격공백),,실측필요,
PT4562,1,0,브랜드팝클리어키링,부재(레코드추가),,실측필요,
PT5234,1,0,미니어처NFC키링,부재(레코드추가),105x165mm,2D_P1파서필요,
PT5307,1,0,미니어처NFC키링,존재(규격공백),,실측필요,
PT5198,1,0,브릭메모&캘린더스탠드2.0,부재(레코드추가),"세트만 조립 완료기준
144×32×45mm (메모패드, 피규어 사이즈 제외)",3D_복사가능,
PT4114,1,0,라이트캘린더,존재(규격공백),,실측필요,
PT3982,1,0,라이트캘린더,부재(레코드추가),90x140,2D_P1파서필요,
PT4178,1,0,라이트캘린더,존재(규격공백),,실측필요,
PT4177,1,0,라이트캘린더,부재(레코드추가),,실측필요,
PT4494,1,0,헬로 카드형 USB,부재(레코드추가),85x51x2,3D_복사가능,
PT0790,1,0,라미사파리펜(만년필),존재(규격공백),,실측필요,
PT2504,1,0,라미사파리펜(만년필),존재(규격공백),,실측필요,
PT1804,1,0,플레인USB,부재(레코드추가),,실측필요,
PT2920,1,0,Tailored스트랩박스:지지박스,부재(레코드추가),380x260x??,2D_P1파서필요,
PT2986,1,0,Tailored스트랩박스:지지박스,존재(규격공백),,실측필요,
PT2930,1,0,Tailored스트랩박스:지지박스,부재(레코드추가),380x260x??,2D_P1파서필요,
PT2963,1,0,Tailored스트랩박스:지지박스,부재(레코드추가),,실측필요,
PT3039,1,0,Tailored스트랩박스:지지박스,부재(레코드추가),커스텀사이즈,기타참고,
PT4833,1,0,Solid커스텀G형박스(L사이즈),부재(레코드추가),커스텀사이즈,기타참고,
PT3404,1,0,웜업 스트링 후드집업,존재(규격공백),,실측필요,
PT1419,1,0,웜업 스트링 후드집업,부재(레코드추가),,실측필요,
PT5191,1,0,웜업 스트링 후드집업,부재(레코드추가),,실측필요,
PT3639,1,0,웜업 스트링 후드집업,존재(규격공백),,실측필요,
PT3408,1,0,웜업 스트링 후드집업,부재(레코드추가),,실측필요,
PT3413,1,0,웜업 스트링 후드집업,부재(레코드추가),,실측필요,
PT3989,1,0,굿데이볼캡,부재(레코드추가),,실측필요,
PT3991,1,0,굿데이볼캡,부재(레코드추가),,실측필요,
PT3997,1,0,굿데이볼캡,존재(규격공백),,실측필요,
PT3995,1,0,굿데이볼캡,부재(레코드추가),,실측필요,
PT3900,1,0,리멤버탁상시계,존재(규격공백),,실측필요,
PT3060,1,0,유니크 디퓨저,부재(레코드추가),153x45,2D_P1파서필요,
PT3052,1,0,유니크 디퓨저,부재(레코드추가),,실측필요,
PT4237,1,0,베이직도킹형보조배터리,부재(레코드추가),,실측필요,
PT1241,1,0,시그니처 다이어리,부재(레코드추가),,실측필요,
PT1903,1,0,디자이너 노트,부재(레코드추가),,실측필요,
PT5100,1,0,오아시스 미니 마사지건,부재(레코드추가),,실측필요,
PT4482,1,0,스탠리 슬림 보틀,부재(레코드추가),80x77x243,3D_복사가능,
PT5269,1,0,미르(MiiR)텀블러(16oz),부재(레코드추가),,실측필요,
PT5097,1,0,오아시스 미니 마사지건,부재(레코드추가),,실측필요,
PT2287,1,0,포터블 피크닉 롤테이블,부재(레코드추가),,실측필요,
PT3676,1,0,포터블 피크닉 롤테이블,존재(규격공백),,실측필요,
PT2288,1,0,포터블 피크닉 롤테이블,부재(레코드추가),,실측필요,
PT2292,1,0,포터블 피크닉 롤테이블,부재(레코드추가),150x440x65,3D_복사가능,
PT2242,1,0,포터블 피크닉 롤테이블,존재(규격공백),,실측필요,
PT5175,1,0,아너월넛트로피,부재(레코드추가),,실측필요,
PT4386,1,0,글로시 키링,부재(레코드추가),,실측필요,
PT3634,1,0,글로시 키링,존재(규격공백),,실측필요,
PT0711,1,0,글로시 키링,존재(규격공백),,실측필요,
PT0710,1,0,글로시 키링,존재(규격공백),,실측필요,
PT0709,1,0,글로시 키링,존재(규격공백),,실측필요,
PT4388,1,0,글로시 키링,부재(레코드추가),36x75x3,3D_복사가능,
PT4385,1,0,글로시 키링,부재(레코드추가),36x50x3,3D_복사가능,
PT2937,1,0,하이킹폴딩방석,부재(레코드추가),385x290,2D_P1파서필요,
PT5064,1,0,아임히어 리플렉터 키링,부재(레코드추가),"키링 : 70x70mm
와이어링 : 50x50mm",3D_복사가능,
PT3069,1,0,클래시 차량용 방향제,부재(레코드추가),,실측필요,
PT5054,1,0,브랜디드 피규어 키링,부재(레코드추가),,실측필요,
PT5057,1,0,브랜디드 피규어 키링,부재(레코드추가),,실측필요,
PT5056,1,0,브랜디드 피규어 키링,부재(레코드추가),,실측필요,
PT5053,1,0,브랜디드 피규어 키링,부재(레코드추가),,실측필요,
PT2946,1,0,하이킹 폴딩방석,부재(레코드추가),,실측필요,
PT5196,1,0,브릭 메모&캘린더 스탠드 2.0,부재(레코드추가),"세트만 조립 완료기준
144×32×45mm (메모패드, 피규어 사이즈 제외)",3D_복사가능,
PT0581,1,0,Simple 슬라이드 지퍼백,부재(레코드추가),,실측필요,
PT1418,1,0,프리미엄 스트링 후드집업,부재(레코드추가),100*100 이하,2D_P1파서필요,
PT1426,1,0,프리미엄 스트링 후드집업,부재(레코드추가),300*210 이하,2D_P1파서필요,
PT1415,1,0,프리미엄 스트링 후드집업,부재(레코드추가),,실측필요,
PT1704,1,0,페이머스 캡슐보틀,부재(레코드추가),,실측필요,
PT2589,1,0,페이머스 캡슐보틀,존재(규격공백),,실측필요,
PT3731,1,0,페이머스 캡슐보틀,존재(규격공백),,실측필요,
PT1661,1,0,클립아트펜,부재(레코드추가),,실측필요,
PT5111,1,0,킵세이프 마그넷 배터리 Max,부재(레코드추가),,실측필요,
PT0869,1,0,마그넷 오프너,부재(레코드추가),58X58,2D_P1파서필요,
PT2546,1,0,스트레치 사원증 홀더,존재(규격공백),,실측필요,
PT1163,1,0,스트레치 사원증 홀더,부재(레코드추가),59x9x102,3D_복사가능,
PT1165,1,0,스트레치 사원증 홀더,부재(레코드추가),,실측필요,
PT5049,1,0,시그니처 다이어리,부재(레코드추가),,실측필요,
PT1721,1,0,포시즌 블랭킷,부재(레코드추가),,실측필요,
PT1726,1,0,포시즌 블랭킷,부재(레코드추가),1500x1000,2D_P1파서필요,
PT1633,1,0,클래시차량용방향제,부재(레코드추가),78x30,2D_P1파서필요,
PT1623,1,0,클래시차량용방향제,부재(레코드추가),24x24x61,3D_복사가능,
PT4647,1,0,클래시차량용방향제,존재(규격공백),,실측필요,
PT5168,1,0,모뉴먼트 블랙 트로피,부재(레코드추가),,실측필요,
PT5181,1,0,모뉴먼트 블랙 트로피,존재(규격공백),,실측필요,
PT5163,1,0,모뉴먼트 블랙 트로피,부재(레코드추가),,실측필요,
PT3558,1,0,센텐스 펜,존재(규격공백),,실측필요,
PT4675,1,0,밸류 무선충전 마우스패드,부재(레코드추가),,실측필요,
PT4674,1,0,밸류 무선충전 마우스패드,부재(레코드추가),,실측필요,
PT1650,1,0,클립 아트펜,부재(레코드추가),,실측필요,
PT5195,1,0,브릭 메모&캘린더 스탠드 2.0,부재(레코드추가),"세트만 조립 완료기준
144×32×45mm (메모패드, 피규어 사이즈 제외)",3D_복사가능,
PT4535,1,0,헬로 카드형 USB,부재(레코드추가),85x51x2,3D_복사가능,
PT0693,1,0,그래픽 에코백,부재(레코드추가),340x380(어깨끈32cm),3D_복사가능,
PT0682,1,0,그래픽 에코백,부재(레코드추가),,실측필요,
PT1358,1,0,애드온 뱃지,부재(레코드추가),40x40이내,2D_P1파서필요,
PT3284,1,0,액티브 스포츠 타월,부재(레코드추가),,실측필요,
PT4513,1,0,디스플레이 피규어 세트,부재(레코드추가),,실측필요,
PT4521,1,0,디스플레이 피규어 세트,부재(레코드추가),,실측필요,
PT4514,1,0,디스플레이 피규어 세트,부재(레코드추가),,실측필요,
PT4506,1,0,팝업스토어 피규어 세트,부재(레코드추가),,실측필요,
PT0456,1,0,Carry me 와인잔,부재(레코드추가),,실측필요,
PT3202,1,0,Carry me 와인잔,존재(규격공백),,실측필요,
PT0687,1,0,그래픽 에코백,부재(레코드추가),340x380(어깨끈32cm),3D_복사가능,
PT0691,1,0,그래픽 에코백,부재(레코드추가),,실측필요,
PT1960,1,0,매트블랙 텀블러,부재(레코드추가),,실측필요,
PT0882,1,0,매트블랙 텀블러,부재(레코드추가),95x95x183,3D_복사가능,
PT2404,1,0,매트블랙 텀블러,존재(규격공백),,실측필요,
PT5262,1,0,컴포트 스텐머그,부재(레코드추가),,실측필요,
PT1847,1,0,홈카페 코스터,부재(레코드추가),87x87,2D_P1파서필요,
PT1846,1,0,홈카페 코스터,부재(레코드추가),85x85,2D_P1파서필요,
PT2466,1,0,드레스업 손거울,부재(레코드추가),,실측필요,
PT0814,1,0,라미 사파리 펜,존재(규격공백),,실측필요,
PT5376,1,0,스탠바이 빅팬선풍기,부재(레코드추가),,실측필요,
PT2622,1,0,매트블랙 텀블러,부재(레코드추가),,실측필요,
PT5066,1,0,아임히어 리플렉터 키링,부재(레코드추가),"키링 : 70x70mm
와이어링 : 50x50mm",3D_복사가능,
PT5247,1,0,데일리 칫솔살균기 | 아이리버,부재(레코드추가),,실측필요,
PT4505,1,0,팝업스토어 피규어 세트,부재(레코드추가),,실측필요,
PT4660,1,0,베이직 무선충전 마우스패드,부재(레코드추가),,실측필요,
PT4088,1,0,올데이 텀블러,존재(규격공백),,실측필요,
PT4084,1,0,올데이 텀블러,존재(규격공백),,실측필요,
PT5400,1,0,올데이 텀블러,부재(레코드추가),,실측필요,
PT5402,1,0,올데이 텀블러,부재(레코드추가),,실측필요,
PT1713,1,0,페이퍼 샤쉐,부재(레코드추가),80x80 펼침 110*195,3D_복사가능,
PT4350,1,0,에센셜 장우산,부재(레코드추가),,실측필요,
PT0916,1,0,뮤지엄 머그,부재(레코드추가),,실측필요,
PT0914,1,0,뮤지엄 머그,부재(레코드추가),,실측필요,
PT5386,1,0,슬림 터보선풍기 [1],부재(레코드추가),,실측필요,
PT4828,1,0,칠링패드 냉각선풍기,부재(레코드추가),,실측필요,
PT1857,1,0,페이퍼 샤쉐,부재(레코드추가),,실측필요,
PT1014,1,0,브랜드 스트랩 단우산,부재(레코드추가),,실측필요,
PT2526,1,0,브랜드 스트랩 단우산,존재(규격공백),,실측필요,
PT1016,1,0,브랜드 스트랩 단우산,부재(레코드추가),,실측필요,
PT1022,1,0,브랜드 스트랩 단우산,부재(레코드추가),240x60,2D_P1파서필요,
PT4536,1,0,헬로 카드형 USB,부재(레코드추가),85x51x2,3D_복사가능,
PT1216,1,0,스펙트럼 컬러펜,부재(레코드추가),,실측필요,
PT5356,1,0,하우스 핸드타월,존재(규격공백),,실측필요,
PT2647,1,0,톤앤톤 쿨러백,부재(레코드추가),,실측필요,
PT2158,1,0,스타트 씨드키트,부재(레코드추가),19x7,2D_P1파서필요,
PT3647,1,0,바이브 캠핑쿨러,존재(규격공백),,실측필요,
PT3206,1,0,바이브 캠핑쿨러,부재(레코드추가),,실측필요,
PT3211,1,0,바이브 캠핑쿨러,존재(규격공백),,실측필요,
PT4908,1,0,심볼 아크릴 트로피,부재(레코드추가),,실측필요,
PT5392,1,0,슬림 터보선풍기,부재(레코드추가),,실측필요,
PT5390,1,0,슬림 터보선풍기,부재(레코드추가),,실측필요,
PT3852,1,0,인마이백 피크닉매트,존재(규격공백),,실측필요,
PT3812,1,0,인마이백 피크닉매트,존재(규격공백),,실측필요,
PT3847,1,0,인마이백 피크닉매트,부재(레코드추가),,실측필요,
PT5375,1,0,스탠바이 빅팬선풍기,부재(레코드추가),,실측필요,
PT5410,1,0,에브리 폴더블 멀티충전기,부재(레코드추가),,실측필요,
PT5416,1,0,에브리 폴더블 멀티충전기,존재(규격공백),,실측필요,
PT5411,1,0,에브리 폴더블 멀티충전기,존재(규격공백),,실측필요,
PT5408,1,0,에브리 폴더블 멀티충전기,존재(규격공백),,실측필요,
PT5437,1,0,킵세이프 마그넷 배터리 Lite,존재(규격공백),,실측필요,
PT5436,1,0,킵세이프 마그넷 배터리 Lite,존재(규격공백),,실측필요,
PT5432,1,0,킵세이프 마그넷 배터리 Lite,부재(레코드추가),,실측필요,
PT1646,1,0,에디션 골프공 6구,부재(레코드추가),,실측필요,
